"Ключевое слово",Сложность,Частотность,"Интент запроса","Элементы поиска",Релевантность,CPC,Конкуренция
"linework tattoo münchen",11,10,"L, C","Результаты карт, Рейтинги, Видео, Похожие запросы",,0,0.4
"tattoo münchen",41,2400,"L, C","Результаты карт, Рейтинги, Видео, Похожие запросы, Картинки, Related searches",10,0.74,0.48
"tattoo preise",26,1600,I,"Рейтинги, Видео, Похожие запросы, Картинки, AI Overview, Related searches",6,0.47,0.28
"was kosten kleine tattoos",7,590,I,"Рейтинги, Видео, Похожие запросы, Картинки, AI Overview, Related searches",6,0.39,0.16
"wie teuer ist tattoo",4,590,I,"Блоки с ответами, Рейтинги, Видео, Похожие запросы, Картинки, Related searches",8,0.4,0.15
"was kostet kleines tattoo",7,590,I,"Рейтинги, Видео, Похожие запросы, Картинки, AI Overview, Related searches",6,0.39,0.16
"prime tattoo",3,590,"L, C","Результаты карт, Рейтинги, Видео, Похожие запросы, Картинки, Related searches",6,0.6,0.11
"tattoo preis",10,410,I,"Рейтинги, Видео, Похожие запросы, Картинки, AI Overview, Related searches",6,0.47,0.28
"munich tattoo",7,320,"L, C","Результаты карт, Рейтинги, Видео, Картинки, Искать здесь, Related searches, Изображения",6,0.76,0.56
"tattoo kosten oberarm",7,320,I,"Рейтинги, Видео, Похожие запросы, AI Overview, Related searches",6,0.41,0.11
"kosten oberarm tattoo",10,320,I,"Рейтинги, Видео, Похожие запросы, Картинки, AI Overview, Related searches",9,0.41,0.11
"tattoo munich",11,320,"L, C","Результаты карт, Рейтинги, Видео, Похожие запросы, Картинки, Related searches",7,0.76,0.56
"was kostet ein oberarm tattoo",10,260,I,"Рейтинги, Видео, Похожие запросы, Картинки, AI Overview, Related searches",9,0.4,0.16
"was kostet tattoo oberarm",9,260,I,"Рейтинги, Видео, Похожие запросы, Картинки, AI Overview, Related searches",9,0.4,0.16
"was kostet ein tattoo auf dem oberarm",9,260,I,"Рейтинги, Видео, Похожие запросы, Картинки, AI Overview, Related searches",6,0.4,0.16
"tattoo kosten schrift",9,210,I,"Рейтинги, Видео, Похожие запросы, Картинки, AI Overview, Related searches",9,0.32,0.12
"tattoo kosten schriftzug",11,210,I,"Рейтинги, Видео, Похожие запросы, Картинки, AI Overview, Related searches",8,0.32,0.12
"unterarm tattoo preis",9,210,I,"Рейтинги, Видео, Похожие запросы, Картинки, AI Overview, Related searches",7,0.45,0.13
"tätowierungen kosten",4,210,I,"Рейтинги, Видео, Похожие запросы, Картинки, AI Overview, Related searches",6,0.4,0.2
"tattoo schriftzug kosten",9,210,I,"Рейтинги, Видео, Похожие запросы, Картинки, AI Overview, Related searches",7,0.32,0.12
"kleine tattoos preise",5,210,I,"Рейтинги, Видео, Похожие запросы, Картинки, AI Overview, Related searches",7,0.51,0.15
"tattoo klein preis",10,210,I,"Рейтинги, Видео, Похожие запросы, Картинки, AI Overview, Related searches",7,0.51,0.15
"was kosten tätowierungen",6,210,I,"Рейтинги, Видео, Похожие запросы, Картинки, AI Overview, Related searches",8,0.36,0.21
"preis für kleines tattoo",9,210,I,"Рейтинги, Видео, Похожие запросы, Картинки, AI Overview, Related searches",7,0.51,0.15
"kosten schriftzug tattoo",7,210,I,"Рейтинги, Видео, Похожие запросы, Картинки, AI Overview, Related searches",6,0.32,0.12
"200 euro tattoo preisbeispiele",8,210,I,"Рейтинги, Видео, Похожие запросы, Картинки, AI Overview, Related searches",10,0,0.01
"was kostet tätowieren",6,210,I,"Рейтинги, Видео, Похожие запросы, Картинки, Искать здесь, AI Overview, Related searches",9,0.36,0.21
"was kostet eine tätowierung",4,210,I,"Блоки с ответами, Рейтинги, Видео, Похожие запросы, Картинки, Искать здесь, Related searches",6,0.36,0.21
"preis tattoo unterarm",9,210,I,"Рейтинги, Видео, Похожие запросы, Картинки, AI Overview, Related searches",7,0.45,0.13
"kosten tätowierung",5,210,I,"Блоки с ответами, Рейтинги, Видео, Похожие запросы, Картинки, Related searches",8,0.4,0.2
"schriftzug tattoo kosten",8,210,I,"Видео, Похожие запросы, Картинки, AI Overview, Related searches",6,0.32,0.12
"tattoo unterarm preis",9,210,I,"Рейтинги, Видео, Похожие запросы, Картинки, AI Overview, Related searches",7,0.45,0.13
"preise tattoo unterarm",9,210,I,"Рейтинги, Видео, Похожие запросы, Картинки, AI Overview, Related searches",8,0.45,0.13
"wie viel kostet ein 10 cm tattoo",8,210,I,"Рейтинги, Видео, Похожие запросы, Картинки, AI Overview, Related searches",6,0,0.02
"kosten tattoo sleeve",12,170,I,"Рейтинги, Видео, Похожие запросы, Картинки, AI Overview, Related searches",6,0.37,0.17
"kosten tattoo ganzer arm",12,170,I,"Рейтинги, Видео, Похожие запросы, Картинки, AI Overview, Related searches",6,0.49,0.12
"fineline tattoos münchen",7,170,"L, C","Результаты карт, Рейтинги, Видео, Похожие запросы, Картинки, Related searches",7,0.56,0.49
"tattoo preise klein",9,170,I,"Рейтинги, Видео, Похожие запросы, Картинки, AI Overview, Related searches",6,0.42,0.28
"bestes tattoo studio münchen",12,170,"L, C","Результаты карт, Рейтинги, Видео, Похожие запросы, Картинки, Искать здесь, Related searches",8,0.56,0.65
"wie viel kostet ein unterarm tattoo",8,170,I,"Рейтинги, Видео, Похожие запросы, Картинки, AI Overview, Related searches",6,0.45,0.15
"fine line tattoo münchen",7,170,"L, C","Результаты карт, Рейтинги, Видео, Похожие запросы, Картинки, Related searches",7,0.56,0.49
"fine line tattoos münchen",5,170,"L, C","Результаты карт, Рейтинги, Видео, Похожие запросы, Картинки, Related searches",6,0.56,0.49
"was kostet ein tattoo",6,140,I,"Рейтинги, Видео, Похожие запросы, Картинки, AI Overview, Related searches",6,0.4,0.18
"tattoo artist münchen",13,140,"L, C","Результаты карт, Рейтинги, Видео, Похожие запросы, Картинки, Искать здесь, Related searches",11,0.49,0.53
"kosten tattoo arm komplett",11,140,I,"Рейтинги, Видео, Похожие запросы, Картинки, AI Overview, Related searches",6,0.42,0.14
"tattoo artists munich",11,140,"L, C","Результаты карт, Рейтинги, Видео, Картинки, Искать здесь, Related searches",6,0.49,0.53
"tattoo artist munich",12,140,"L, C","Результаты карт, Рейтинги, Видео, Картинки, Искать здесь, Related searches",6,0.49,0.53
"tattoo pasing",12,140,"L, N","Рейтинги, Ссылки сайта, Видео, Похожие запросы, Картинки, GBP, Related searches",6,0.56,0.52
"tattoo münchen fine line",9,140,"L, C","Результаты карт, Рейтинги, Видео, Похожие запросы, Картинки, Related searches",7,0.51,0.52
"was kostet ein arm tattoo",11,140,I,"Рейтинги, Видео, Похожие запросы, Картинки, AI Overview, Related searches",6,0.36,0.16
"tattoo arm komplett kosten",12,140,I,"Рейтинги, Видео, Похожие запросы, Картинки, AI Overview, Related searches",7,0.42,0.14
"tattoo preise unterarm",10,110,I,"Рейтинги, Видео, Похожие запросы, Картинки, AI Overview, Related searches",6,0.39,0.22
"bester tätowierer münchen",11,90,"L, C","Результаты карт, Рейтинги, Видео, Похожие запросы, Картинки, Искать здесь, Related searches",8,0.51,0.71
"beste tattoo studios münchen",12,90,"L, C","Результаты карт, Рейтинги, Видео, Похожие запросы, Картинки, Искать здесь, Related searches",13,0.63,0.61
"arm tattoo kosten",11,90,I,"Рейтинги, Видео, Похожие запросы, Картинки, Нижняя реклама, AI Overview, Related searches",6,0.42,0.13
"munich tattoo shops",14,90,"L, T","Результаты карт, Рейтинги, Видео, Похожие запросы, Картинки, Искать здесь, Related searches",8,0.51,0.74
"besten tätowierer münchen",10,90,"L, C","Результаты карт, Рейтинги, Видео, Похожие запросы, Картинки, Искать здесь, Related searches",7,0.51,0.71
"arm tattoos kosten",11,90,I,"Рейтинги, Видео, Похожие запросы, Картинки, AI Overview, Related searches",6,0.42,0.13
"was kostet ein tattoo schriftzug",8,90,I,"Рейтинги, Видео, Похожие запросы, Картинки, AI Overview, Related searches",6,0.32,0.1
"was kostet ein schriftzug tattoo",11,90,I,"Рейтинги, Видео, Похожие запросы, Картинки, AI Overview, Related searches",6,0.32,0.1
"besten tattoo studios münchen",12,90,"L, C","Результаты карт, Рейтинги, Видео, Похожие запросы, Картинки, Искать здесь, Related searches",8,0.63,0.61
"wie viel kostet ein wirbelsäulen tattoo",12,90,I,"Рейтинги, Похожие запросы, Картинки, AI Overview, Related searches",6,0.45,0.23
"beste tattoo studio münchen",13,90,"L, C","Результаты карт, Рейтинги, Видео, Похожие запросы, Картинки, Искать здесь, Related searches",8,0.63,0.61
"beste tätowierer münchen",13,90,"L, C","Результаты карт, Рейтинги, Видео, Похожие запросы, Картинки, Искать здесь, Related searches",7,0.51,0.71
"munich tattoo shop",13,90,"L, T","Результаты карт, Рейтинги, Видео, Картинки, Искать здесь, Related searches",6,0.51,0.74
"was kostet ein fineline tattoo",8,90,I,"Рейтинги, Видео, Похожие запросы, Картинки, AI Overview, Related searches",7,0.35,0.17
"tattoo shops in munich germany",12,90,"L, T","Результаты карт, Рейтинги, Видео, Похожие запросы, Картинки, Искать здесь, Related searches, Изображения",10,0.51,0.74
"tattoo shops munich germany",12,90,"L, T","Результаты карт, Рейтинги, Видео, Похожие запросы, Картинки, Искать здесь, Related searches",8,0.51,0.74
"tattoos münchen",12,80,"L, C","Результаты карт, Рейтинги, Видео, Похожие запросы, Картинки, Искать здесь, Related searches",8,0.74,0.48
"tattoo kostet",9,70,I,"Рейтинги, Видео, Похожие запросы, Картинки, AI Overview, Related searches, Изображения",6,0.43,0.2
"tattoo preise oberarm",10,70,I,"Рейтинги, Видео, Похожие запросы, Картинки, AI Overview, Related searches",7,0.43,0.21
"preise tattoo oberarm",10,70,I,"Рейтинги, Видео, Похожие запросы, Картинки, AI Overview, Related searches",7,0.43,0.21
"tattoo stechen lassen preise",10,70,I,"Рейтинги, Видео, Похожие запросы, Картинки, AI Overview, Related searches",7,0.37,0.28
"tattoo kosten unterarm innenseite",10,70,I,"Рейтинги, Видео, Похожие запросы, Картинки, AI Overview, Related searches",6,0,0.07
"kosten fineline tattoo",8,70,I,"Рейтинги, Видео, Похожие запросы, Картинки, AI Overview, Related searches",6,0.38,0.18
"preis tattoo oberarm",11,70,I,"Рейтинги, Видео, Похожие запросы, Картинки, AI Overview, Related searches",7,0.43,0.21
"münchen tattoo",15,60,"L, C","Результаты карт, Рейтинги, Видео, Похожие запросы, Картинки, Искать здесь, Related searches",8,0.74,0.48
"münchen tattoos",15,60,"L, C","Результаты карт, Рейтинги, Видео, Похожие запросы, Картинки, Искать здесь, Related searches",8,0.74,0.48
"cover up tattoo münchen",10,50,"L, C","Результаты карт, Рейтинги, Видео, Картинки, Related searches",6,0.41,0.62
"tattoo in münchen",14,50,"L, C","Результаты карт, Рейтинги, Похожие запросы, Картинки, Искать здесь, Related searches",8,0.43,0.45
"tattoo studios in münchen",16,50,"L, C","Результаты карт, Рейтинги, Похожие запросы, Картинки, Искать здесь, Related searches",6,0.79,0.66
"tattoo studio in münchen",15,50,"L, C","Результаты карт, Рейтинги, Похожие запросы, Картинки, Искать здесь, Related searches",7,0.79,0.66
"maori tattoo kosten",3,50,I,"Рейтинги, Видео, Похожие запросы, Картинки, AI Overview, Related searches",6,0.38,0.26
"tattoo preisbeispiele",7,50,I,"Рейтинги, Видео, Похожие запросы, Картинки, AI Overview, Related searches",6,0.31,0.23
"oberarm tattoo preis",10,50,I,"Рейтинги, Видео, Похожие запросы, Картинки, AI Overview, Related searches",6,0.59,0.19
"wie viel kostet ein tattoo am oberarm",10,50,I,"Рейтинги, Видео, Похожие запросы, Картинки, AI Overview, Related searches",8,0,0.06
"tattoo fineline münchen",6,50,"L, C","Результаты карт, Рейтинги, Видео, Похожие запросы, Картинки, Related searches",7,0.59,0.57
"oberarm tattoo preise",9,50,I,"Рейтинги, Видео, Похожие запросы, Картинки, AI Overview, Related searches",7,0.59,0.19
"10 cm tattoo preis",8,50,I,"Рейтинги, Видео, Похожие запросы, Картинки, AI Overview, Related searches",6,0.49,0.11
"wie viel kostet ein oberarm tattoo",11,50,I,"Рейтинги, Видео, Похожие запросы, Картинки, AI Overview, Related searches",8,0,0.06
"tattoos in münchen",15,50,"L, C","Результаты карт, Рейтинги, Похожие запросы, Картинки, Искать здесь, Related searches",8,0.43,0.45
"wie viel kostet ein arm tattoo",12,50,I,"Рейтинги, Видео, Похожие запросы, Картинки, AI Overview, Related searches",7,0.43,0.19
"wie viel kostet ein fineline tattoo",8,50,I,"Рейтинги, Видео, Похожие запросы, Картинки, AI Overview, Related searches",6,0.39,0.25
"bestes fineline tattoo münchen",14,50,"L, C","Результаты карт, Рейтинги, Видео, Похожие запросы, Картинки, Искать здесь, Related searches",9,0.49,0.59
"tattoo oberarm preis",9,50,I,"Рейтинги, Видео, Похожие запросы, Картинки, AI Overview, Related searches",6,0.59,0.19
"wie teuer ist ein tattoo am arm",11,50,I,"Рейтинги, Видео, Похожие запросы, Картинки, AI Overview, Related searches",6,0.39,0.19
"tattoos arm kosten",9,40,I,"Рейтинги, Видео, Похожие запросы, Картинки, AI Overview, Related searches",6,0.49,0.15
"arm tattoo preis",9,40,I,"Рейтинги, Видео, Похожие запросы, Картинки, AI Overview, Related searches",6,0.52,0.16
"tattoo münchen preise",6,40,"L, C","Результаты карт, Рейтинги, Видео, Похожие запросы, Картинки, Искать здесь, Related searches",6,0.38,0.68
"tattoo arm kosten",9,40,I,"Рейтинги, Видео, Похожие запросы, Картинки, AI Overview, Related searches",7,0.49,0.15
"tattoo arm preis",9,40,I,"Рейтинги, Видео, Похожие запросы, Картинки, AI Overview, Related searches, Изображения",7,0.52,0.16
"tattoo shop münchen",16,40,"L, T","Результаты карт, Рейтинги, Похожие запросы, Картинки, Искать здесь, Related searches",6,0.85,0.72
"fine line tattoo munich",5,40,"L, C","Рейтинги, Видео, Похожие запросы, Картинки, GBP, Related searches",6,0.45,0.7
"wie teuer ist ein unterarm tattoo",9,40,I,"Рейтинги, Видео, Похожие запросы, Картинки, AI Overview, Related searches",6,0,0.07
"best tattoo münchen",12,40,"L, C","Результаты карт, Рейтинги, Видео, Похожие запросы, Картинки, Искать здесь, Related searches",15,0.69,0.61
"arm tattoo männer kosten",11,40,I,"Рейтинги, Видео, Похожие запросы, Картинки, AI Overview, Related searches",7,0.41,0.16
"arm sleeve tattoo kosten",12,40,I,"Рейтинги, Видео, Похожие запросы, Картинки, AI Overview, Related searches",6,0.39,0.13
"wie viel kostet ein arm",7,40,I,"Рейтинги, Видео, Похожие запросы, Картинки, Related searches",6,0,0.01
"was kostet ein tattoo auf dem unterarm",9,40,I,"Рейтинги, Видео, Похожие запросы, Картинки, AI Overview, Related searches",6,0.61,0.12
"was kostet ein mini tattoo",10,40,I,"Рейтинги, Видео, Похожие запросы, Картинки, AI Overview, Related searches",6,0,0.1
"münchen tattoo preise",5,40,I,"Рейтинги, Видео, Похожие запросы, Картинки, AI Overview, Related searches",6,0.38,0.68
"tattoo münchen frau",12,40,"L, C","Результаты карт, Рейтинги, Видео, Похожие запросы, Картинки, Искать здесь, Related searches",6,0.47,0.32
"3d tattoo kosten",11,30,I,"Рейтинги, Видео, Похожие запросы, Картинки, AI Overview, Related searches",6,0,0.13
"tattoo münchen ohne termin",13,30,"L, C","Результаты карт, Рейтинги, Видео, Похожие запросы, Картинки, Искать здесь, Related searches, Изображения",6,0.64,0.63
"tattoo studios bayern",8,30,"L, C","Результаты карт, Рейтинги, Видео, Похожие запросы, Картинки, Искать здесь, Related searches",6,0.55,0.3
"tattoo laden münchen",16,30,"L, C","Результаты карт, Рейтинги, Похожие запросы, Картинки, Искать здесь, Related searches",10,0.76,0.53
"was kostet es den ganzen arm zu tätowieren",11,30,I,"Рейтинги, Видео, Похожие запросы, Картинки, AI Overview, Related searches",7,0,0.05
"tattoo walk in münchen",16,30,"L, C","Результаты карт, Рейтинги, Видео, Картинки, Искать здесь, Related searches",6,0.32,0.57
"half sleeve tattoo kosten",10,30,I,"Рейтинги, Видео, Похожие запросы, Картинки, AI Overview, Related searches",6,0,0.14
"münchen tätowierer",16,30,"L, C","Результаты карт, Рейтинги, Видео, Похожие запросы, Картинки, Искать здесь, Related searches",10,0.5,0.52
"tattoo ohne termin münchen",14,30,"L, C","Результаты карт, Рейтинги, Видео, Похожие запросы, Картинки, Related searches",6,0.64,0.63
"gute tattoo studios münchen",13,30,"L, C","Результаты карт, Рейтинги, Видео, Похожие запросы, Картинки, Искать здесь, Related searches",7,0.45,0.81
"münchen tattoo walk in",15,30,"L, C","Результаты карт, Рейтинги, Видео, Картинки, Искать здесь, Related searches, Изображения",6,0.43,0.66
"rücken tattoo mann kosten",12,30,I,"Рейтинги, Видео, Похожие запросы, Картинки, AI Overview, Related searches",8,0,0.06
"tattoo münchen walk in",15,30,"L, C","Результаты карт, Рейтинги, Видео, Картинки, Искать здесь, Related searches",6,0.55,0.7
"tattoo münchen walk-in",15,30,"L, C","Результаты карт, Рейтинги, Видео, Картинки, Искать здесь, Related searches",6,0.55,0.7
"tattoo walk-in münchen",16,30,"L, C","Результаты карт, Рейтинги, Видео, Картинки, Искать здесь, Related searches",6,0.32,0.57
"was kostet ein kleines tattoo am unterarm",10,30,I,"Рейтинги, Видео, Похожие запросы, Картинки, AI Overview, Related searches",8,0,0.09
"tätowiere münchen",16,30,"L, C","Результаты карт, Рейтинги, Видео, Искать здесь, Related searches",6,0.5,0.52
"was kostet ein großes tattoo",10,30,I,"Рейтинги, Видео, Похожие запросы, Картинки, AI Overview, Related searches",10,0.33,0.17
"traditional tattoo münchen",11,30,"L, C","Результаты карт, Рейтинги, Видео, Картинки, Искать здесь, Related searches",7,0.49,0.47
"tattoo münchen innenstadt",8,30,"L, C","Результаты карт, Рейтинги, Видео, Похожие запросы, Картинки, Искать здесь, Related searches",6,0.69,0.88
"wie viel kostet ein tattoo",10,20,C,"Рейтинги, Видео, Похожие запросы, Картинки, Товары по запросу, AI Overview, Related searches",6,0.4,0.14
"gute tätowierer münchen",15,20,"L, C","Результаты карт, Рейтинги, Похожие запросы, Картинки, Искать здесь, Related searches",6,0.79,0.81
"beste tattoo studios bayern",12,20,"L, C","Результаты карт, Рейтинги, Видео, Похожие запросы, Картинки, Искать здесь, Related searches",6,0,0.4
"watercolor tattoo münchen",11,20,"L, C","Результаты карт, Рейтинги, Похожие запросы, Картинки, Related searches, Изображения",6,0,0.43
"münchen fineline tattoo",5,20,"L, C","Результаты карт, Рейтинги, Картинки, Related searches",7,0.85,0.61
"beste tattoo studio bayern",12,20,"L, C","Результаты карт, Рейтинги, Видео, Похожие запросы, Картинки, Искать здесь, Related searches",7,0,0.4
"bester tattoo künstler münchen",13,20,"L, C","Результаты карт, Рейтинги, Видео, Похожие запросы, Картинки, Искать здесь, Related searches",7,0.49,0.73
"münchen walk in tattoo",15,20,"L, C","Результаты карт, Рейтинги, Видео, Похожие запросы, Картинки, Искать здесь, Related searches",6,0.39,0.64
"guter tätowierer münchen",13,20,"L, C","Результаты карт, Рейтинги, Похожие запросы, Картинки, Related searches, Сайты",8,0.79,0.81
"tattoo oberarm mann kosten",12,20,I,"Рейтинги, Видео, Похожие запросы, Картинки, AI Overview, Related searches",7,0,0.15
"arm sleeve tattoo preis",7,20,I,"Рейтинги, Видео, Похожие запросы, Картинки, AI Overview, Related searches",8,0.47,0.38
"tattoo studios münchen",12,10,"L, C","Результаты карт, Рейтинги, Related searches, Сайты",6,0.69,0.46
"tattoo münchen empfehlung",12,10,"L, C","Результаты карт, Рейтинги, Видео, Похожие запросы, Искать здесь, Related searches",6,0,0
"tätowierer münchen",14,10,"L, C","Результаты карт, Рейтинги, Похожие запросы, Искать здесь, Related searches",6,0.63,0.37
"tattoo künstler münchen",10,10,"L, C","Результаты карт, Рейтинги, Картинки, Related searches, Сайты",7,0,0.13
"tattoo studio münchen",8,10,"L, C","Результаты карт, Рейтинги, Картинки, Related searches, Сайты",7,0.69,0.46
"aquarell tattoo münchen",8,10,"L, C","Результаты карт, Рейтинги, Видео, Похожие запросы, Картинки, Related searches",6,0.43,0.5
"tätowierung münchen",9,10,"L, C","Результаты карт, Рейтинги, Картинки, Искать здесь, Related searches, Изображения",6,0,0.39
"3d tattoos münchen",16,10,"L, N","Результаты карт, Рейтинги, Ссылки сайта, Картинки, Related searches, Сайты",6,0,0.43
"3d tattoo münchen",13,10,"L, C","Результаты карт, Рейтинги, Видео, Похожие запросы, Картинки, Искать здесь, Related searches",6,0,0.43
"portrait tattoo münchen",12,10,"L, C","Результаты карт, Рейтинги, Видео, Похожие запросы, Картинки, Искать здесь, Related searches",7,0,0.71
"old school tattoo münchen",6,10,"L, C","Результаты карт, Рейтинги, Видео, Картинки, Искать здесь, Related searches",6,0,0
"filigrane tattoos münchen",5,10,"L, C","Результаты карт, Рейтинги, Видео, Картинки, Искать здесь, Related searches",8,0,0.93
"tattoo termin online münchen",13,10,"L, C","Результаты карт, Рейтинги, Картинки, Искать здесь, Related searches",6,0,0
"minimalistische tattoos münchen",7,10,"L, C","Результаты карт, Рейтинги, Видео, Картинки, Искать здесь, Related searches",6,0,1
"kleine tattoos münchen",5,10,"L, C","Результаты карт, Рейтинги, Видео, Картинки, Искать здесь, Related searches",6,0,0.56
"münchen beste tattoo studios",13,10,"L, C","Результаты карт, Рейтинги, Похожие запросы, Картинки, Related searches, Изображения, Сайты",6,0.79,0.8
"top tattoo studio münchen",12,10,"L, C","Результаты карт, Рейтинги, Похожие запросы, Картинки, Related searches, Изображения, Сайты",6,0.35,0.79
"die besten tätowierer münchen",13,10,"L, C","Блоки с ответами, Результаты карт, Рейтинги, Картинки, AI Overview, Related searches, Сайты",7,0,0
"gute tätowierer in münchen",11,10,"L, C","Результаты карт, Рейтинги, Картинки, Related searches, Сайты",8,0,0.93
"tätowierer münchen ohne termin",11,10,"L, C","Результаты карт, Рейтинги, Видео, Похожие запросы, Картинки, Искать здесь, Related searches",7,0,0.86
"tattoos muenchen",16,10,"L, C","Результаты карт, Рейтинги, Картинки, Искать здесь, Related searches",6,0.74,0.48
"bester tattoo münchen",11,10,"L, C","Результаты карт, Рейтинги, Похожие запросы, Картинки, Related searches, Сайты",7,0.78,0.89
"münchen tattoo studios",13,10,"L, C","Результаты карт, Рейтинги, Картинки, Related searches, Сайты",7,0.69,0.46
"tattoo studio münchen feine linien",5,10,"L, C","Результаты карт, Рейтинги, Видео, Картинки, Искать здесь, Related searches",6,0,0
"münchen tattoo studio",16,10,"L, C","Результаты карт, Рейтинги, Картинки, Related searches, Сайты",6,0.69,0.46
"feine tattoos münchen",8,10,"L, C","Результаты карт, Рейтинги, Видео, Картинки, Искать здесь, Related searches",7,0,0.5
"die besten tattoo studios münchen",14,10,"L, C","Результаты карт, Рейтинги, Похожие запросы, Картинки, Искать здесь, Related searches",6,0,0.71
"beste tattoo münchen",17,10,"L, C","Результаты карт, Рейтинги, Видео, Картинки, Искать здесь, Related searches, Сайты",6,0.78,0.89
"aquarell tattoos münchen",10,10,"L, C","Результаты карт, Рейтинги, Видео, Похожие запросы, Картинки, Искать здесь, Related searches",6,0.43,0.5
"grafik tattoo münchen",7,0,"L, C","Результаты карт, Рейтинги, Видео, Картинки, Искать здесь, Related searches",7,0,0
