"Ключевое слово",Сложность,Частотность,"Интент запроса","Элементы поиска",CPC,Конкуренция
"tattoo münchen",41,2400,"L, C","Результаты карт, Рейтинги, Видео, Похожие запросы, Картинки",0.74,0.48
"fineline tattoo münchen",10,590,"L, C","Рейтинги, Видео, Похожие запросы, Картинки, GBP, AI Overview, Related searches",0.54,0.59
"unlimited bodyart tattoos piercing tattoostudio münchen",7,590,"L, N","Рейтинги, Ссылки сайта, Видео, Похожие запросы, Картинки, GBP, Related searches",0,0.03
"tattoo entfernung münchen",6,480,"L, C","Результаты карт, Рейтинги, Видео, Похожие запросы, Картинки, Related searches",0.99,0.74
"tattoos entfernen münchen",3,480,"L, C","Результаты карт, Рейтинги, Похожие запросы, Related searches",0.99,0.74
"chaos-crew tattoo studio münchen",8,390,"L, C","Рейтинги, Видео, Похожие запросы, Картинки, GBP, Related searches, Изображения",0,0.03
"glorious art tattoo studio münchen",8,390,I,"Рейтинги, Видео, Похожие запросы, Картинки, Сеть знаний, Related searches",0.19,0.08
"chaos crew tattoo münchen",5,390,"L, C","Рейтинги, Видео, Похожие запросы, Картинки, GBP, Related searches, Изображения",0,0.03
"chaos crew tattoo studio münchen",5,390,"L, C","Рейтинги, Видео, Картинки, GBP, Related searches",0,0.03
"surface tattoo studio münchen",10,320,"L, N","Рейтинги, Ссылки сайта, Похожие запросы, Картинки, GBP, Related searches",0,0.04
"tattoo bayern münchen",10,320,I,"Рейтинги, Видео, Похожие запросы, Картинки, Related searches",0,0.03
"bayern münchen tattoo",9,320,I,"Рейтинги, Видео, Related searches",0,0.03
"tattoo noir münchen",7,260,"L, N","Рейтинги, Ссылки сайта, Видео, Похожие запросы, Картинки, GBP, Related searches",0.69,0.3
"fc bayern münchen tattoos",9,210,I,"Рейтинги, Видео, Похожие запросы, Related searches",0,0.05
"tempel münchen piercing & tattoo rezensionen",11,210,I,"Рейтинги, Видео, Похожие запросы, Картинки, AI Overview, Related searches",0.9,0.11
"tattoo laser münchen",5,210,"L, C","Результаты карт, Рейтинги, Видео, Похожие запросы, Картинки, Искать здесь, Related searches",1.36,0.81
"tattoo fc bayern münchen",10,210,I,"Рейтинги, Видео, Похожие запросы, Related searches, Изображения",0,0.05
"tattoos fc bayern münchen",9,210,I,"Рейтинги, Видео, Похожие запросы, Искать здесь, Related searches",0,0.05
"tattoo lasern münchen",7,210,"L, C","Результаты карт, Рейтинги, Видео, Похожие запросы, Картинки, Искать здесь, Related searches",1.36,0.81
"fineline tattoos münchen",7,170,"L, C","Результаты карт, Рейтинги, Видео, Похожие запросы, Картинки, Related searches",0.56,0.49
"fine line tattoos münchen",5,170,"L, C","Результаты карт, Рейтинги, Видео, Похожие запросы, Картинки, Related searches",0.56,0.49
"bestes tattoo studio münchen",12,170,"L, C","Результаты карт, Рейтинги, Видео, Похожие запросы, Картинки, Искать здесь, Related searches",0.56,0.65
"walk in tattoo münchen",18,170,"L, C","Результаты карт, Рейтинги, Видео, Похожие запросы, Картинки, Искать здесь, Related searches",0.34,0.68
"fine line tattoo münchen",7,170,"L, C","Результаты карт, Рейтинги, Видео, Похожие запросы, Картинки, Related searches",0.56,0.49
"tattoo artist münchen",13,140,"L, C","Результаты карт, Рейтинги, Видео, Похожие запросы, Картинки, Искать здесь, Related searches",0.49,0.53
"tattoo fashion münchen",6,140,"L, C","Рейтинги, Видео, Картинки, GBP, Related searches",0.45,0.42
"tattoo messe münchen",13,140,I,"Рейтинги, Видео, Похожие запросы, Картинки, AI Overview, Related searches",0,0.01
"wild at heart tattoo münchen",9,140,"L, N","Рейтинги, Ссылки сайта, Видео, Похожие запросы, Картинки, GBP, Related searches",0,0.06
"tattoo münchen fine line",9,140,"L, C","Результаты карт, Рейтинги, Видео, Похожие запросы, Картинки, Related searches",0.51,0.52
"kennst des tattoo münchen",9,140,"L, C","Рейтинги, Видео, Картинки, GBP",0,0.07
"tattoo convention münchen",9,110,I,"Рейтинги, Видео, Похожие запросы, Картинки, AI Overview, Related searches",0,0
"münchen tattoo convention",9,110,I,"Видео, Похожие запросы, Картинки, Related searches",0,0
"westside tattoo münchen",9,110,"L, N","Рейтинги, Ссылки сайта, Похожие запросы, Картинки, GBP",0,0.04
"tattoo studio münchen fineline",6,90,"L, C","Рейтинги, Видео, Похожие запросы, Картинки, GBP, Related searches, Изображения",0.49,0.54
"besten tattoo studios münchen",12,90,"L, C","Результаты карт, Рейтинги, Видео, Похожие запросы, Картинки, Искать здесь, Related searches",0.63,0.61
"tempel münchen piercing & tattoo pasing arcaden rezensionen",9,90,"L, C","Рейтинги, Видео, Картинки, GBP, Related searches",0,0.07
"beste tattoo studios münchen",12,90,"L, C","Результаты карт, Рейтинги, Видео, Похожие запросы, Картинки, Искать здесь, Related searches",0.63,0.61
"tattoo salon münchen",14,90,"L, C","Результаты карт, Рейтинги, Похожие запросы, Картинки, Искать здесь, Related searches",0,0.04
"beste tattoo studio münchen",13,90,"L, C","Результаты карт, Рейтинги, Видео, Похожие запросы, Картинки, Искать здесь, Related searches",0.63,0.61
"henna tattoo münchen",11,90,"L, C","Результаты карт, Рейтинги, Видео, Похожие запросы, Картинки, Related searches, Изображения",0,0.23
"tempel münchen piercing & tattoo",15,80,"L, N","Результаты карт, Рейтинги, Ссылки сайта, Похожие запросы, Картинки, Related searches",0.52,0.06
"tattoos münchen",12,80,"L, C","Результаты карт, Рейтинги, Видео, Похожие запросы, Картинки, Искать здесь, Related searches",0.74,0.48
"dynamite tattoo studio münchen",9,70,"L, N","Рейтинги, Ссылки сайта, Видео, Картинки, GBP, Related searches",0,0.04
"1860 münchen tattoo",9,70,"I, N","Рейтинги, Ссылки сайта, Видео, Похожие запросы, Related searches",0,0
"skyline münchen tattoo",7,70,I,"Рейтинги, Видео",0,0.02
"münchen tattoo",15,60,"L, C","Результаты карт, Рейтинги, Видео, Похожие запросы, Картинки, Искать здесь, Related searches",0.74,0.48
"münchen tattoos",15,60,"L, C","Результаты карт, Рейтинги, Видео, Похожие запросы, Картинки, Искать здесь, Related searches",0.74,0.48
"tattoo studio in münchen",15,50,"L, C","Результаты карт, Рейтинги, Похожие запросы, Картинки, Искать здесь, Related searches",0.79,0.66
"tattoo fineline münchen",6,50,"L, C","Результаты карт, Рейтинги, Видео, Похожие запросы, Картинки, Related searches",0.59,0.57
"noir tattoo münchen",9,50,"L, N","Рейтинги, Ссылки сайта, Видео, Похожие запросы, Картинки, GBP, Related searches",0.76,0.21
"tattoo weglasern münchen",8,50,"L, C","Результаты карт, Рейтинги, Видео, Похожие запросы, Картинки, Искать здесь, Related searches",1.36,0.83
"fc bayern münchen tattoo vorlagen",8,50,I,"Рейтинги, Видео, Related searches",0,0.01
"pure tattoo studio münchen",11,50,"L, C","Рейтинги, Видео, Похожие запросы, Картинки, GBP",0,0.08
"liquid sky tattoo münchen",9,50,"L, C","Рейтинги, Видео, Картинки, GBP",0,0.04
"pure tattoo studios münchen",12,50,"L, C","Рейтинги, Видео, Похожие запросы, Картинки, GBP",0,0.08
"tattoo studios in münchen",16,50,"L, C","Результаты карт, Рейтинги, Похожие запросы, Картинки, Искать здесь, Related searches",0.79,0.66
"bestes fineline tattoo münchen",14,50,"L, C","Результаты карт, Рейтинги, Видео, Похожие запросы, Картинки, Искать здесь, Related searches",0.49,0.59
"giesink tattoo münchen",13,50,"L, N","Рейтинги, Ссылки сайта, Видео, Похожие запросы, Картинки, GBP, Related searches, Изображения, Сайты",0.44,0.26
"cover up tattoo münchen",10,50,"L, C","Результаты карт, Рейтинги, Видео, Картинки, Related searches",0.41,0.62
"tattoo in münchen",14,50,"L, C","Результаты карт, Рейтинги, Похожие запросы, Картинки, Искать здесь, Related searches",0.43,0.45
"tattoo anansi münchen",10,50,"L, N","Рейтинги, Ссылки сайта, Видео, Похожие запросы, Картинки, GBP, Related searches",0.17,0.31
"tattoos in münchen",15,50,"L, C","Результаты карт, Рейтинги, Похожие запросы, Картинки, Искать здесь, Related searches",0.43,0.45
"tattoo sohne münchen",10,40,"L, C","Рейтинги, Видео, Похожие запросы, Картинки, GBP",0.5,0.19
"maori tattoo münchen",6,40,"L, C","Результаты карт, Рейтинги, Видео, Картинки, Related searches",0.31,0.38
"sohne tattoo münchen",10,40,"L, C","Рейтинги, Видео, Похожие запросы, Картинки, GBP",0.5,0.19
"tattoo kurs münchen",7,40,"L, C","Результаты карт, Рейтинги, Видео, Похожие запросы, Картинки, Related searches",0.49,0.31
"münchen tattoo preise",5,40,I,"Рейтинги, Видео, Похожие запросы, Картинки, AI Overview, Related searches",0.38,0.68
"tattoo seminar münchen",4,40,"L, C","Видео, Похожие запросы, Картинки, Нижняя реклама, GBP, Related searches",0.49,0.31
"organspende tattoo münchen",10,40,I,"Видео, Похожие запросы, Картинки, AI Overview, Related searches",0,0.08
"tattoo münchen frau",12,40,"L, C","Результаты карт, Рейтинги, Видео, Похожие запросы, Картинки, Искать здесь, Related searches",0.47,0.32
"melt tattooing münchen",10,40,"L, C","Рейтинги, Видео, Похожие запросы, Картинки, GBP",0,0.03
"sommersprossen tattoo münchen",5,40,I,"Рейтинги, Видео, Похожие запросы, Картинки, Related searches",0,0.42
"tattoo motive münchen",14,40,I,"Рейтинги, Видео, Похожие запросы, Картинки, AI Overview, Related searches",0,0.03
"13 tattoo münchen",9,40,"L, N","Рейтинги, Ссылки сайта, Видео, Похожие запросы, Картинки, GBP, Related searches",0.33,0.14
"maorie tattoo münchen",3,40,"L, C","Результаты карт, Рейтинги, Видео, Картинки, Related searches",0.31,0.38
"bayern münchen tattoo vorlagen",10,40,I,"Рейтинги, Видео, Похожие запросы, Картинки, Related searches",0,0.01
"melt tattoo münchen",10,40,"L, C","Рейтинги, Видео, Похожие запросы, Картинки, GBP",0,0.03
"tattoo shop münchen",16,40,"L, T","Результаты карт, Рейтинги, Похожие запросы, Картинки, Искать здесь, Related searches",0.85,0.72
"tattoo münchen preise",6,40,"L, C","Результаты карт, Рейтинги, Видео, Похожие запросы, Картинки, Искать здесь, Related searches",0.38,0.68
"best tattoo münchen",12,40,"L, C","Результаты карт, Рейтинги, Видео, Похожие запросы, Картинки, Искать здесь, Related searches",0.69,0.61
"münchen tattoo walk-in",15,30,"L, C","Результаты карт, Рейтинги, Видео, Картинки, Нижняя реклама, Related searches",0.43,0.66
"tattoo ausbildung münchen",6,30,"L, C","Рейтинги, Видео, Похожие запросы, Картинки, GBP, Related searches",0.49,0.22
"tattoo ohne termin münchen",14,30,"L, C","Результаты карт, Рейтинги, Видео, Похожие запросы, Картинки, Related searches",0.64,0.63
"antares piercing tattoo tattooentfernung münchen",11,30,"L, N","Рейтинги, Ссылки сайта, Похожие запросы, Картинки, GBP, Related searches",0.9,0.34
"tattoo 13 münchen",9,30,"L, N","Рейтинги, Ссылки сайта, Видео, Картинки, GBP, Related searches",0.52,0.28
"tattoo münchen innenstadt",8,30,"L, C","Результаты карт, Рейтинги, Видео, Похожие запросы, Картинки, Искать здесь, Related searches",0.69,0.88
"realistic tattoo münchen",9,30,"L, C","Результаты карт, Рейтинги, Видео, Похожие запросы, Картинки, Искать здесь, Related searches",0.36,0.46
"tattoo laden münchen",16,30,"L, C","Результаты карт, Рейтинги, Похожие запросы, Картинки, Искать здесь, Related searches",0.76,0.53
"münchen tattoo walk in",15,30,"L, C","Результаты карт, Рейтинги, Видео, Картинки, Искать здесь, Related searches, Изображения",0.43,0.66
"tattoo preise münchen",5,30,I,"Рейтинги, Видео, Похожие запросы, Картинки, AI Overview, Related searches",0.47,0.47
"tattoo münchen walk in",15,30,"L, C","Результаты карт, Рейтинги, Видео, Картинки, Искать здесь, Related searches",0.55,0.7
"tattoo münchen ohne termin",13,30,"L, C","Результаты карт, Рейтинги, Видео, Похожие запросы, Картинки, Искать здесь, Related searches, Изображения",0.64,0.63
"gute tattoo studios münchen",13,30,"L, C","Результаты карт, Рейтинги, Видео, Похожие запросы, Картинки, Искать здесь, Related searches",0.45,0.81
"surface tattoo münchen",9,30,"L, N","Рейтинги, Ссылки сайта, Видео, Похожие запросы, Картинки, GBP, Related searches",0,0.16
"anime tattoo münchen",4,30,"L, C","Результаты карт, Рейтинги, Картинки, Related searches, Изображения",0.47,0.49
"antares tattoo münchen",9,30,"L, N","Рейтинги, Ссылки сайта, Похожие запросы, Картинки, GBP, Related searches",0.9,0.34
"traditional tattoo münchen",11,30,"L, C","Результаты карт, Рейтинги, Видео, Картинки, Искать здесь, Related searches",0.49,0.47
"münchen tattoo fineline",8,30,"L, C","Рейтинги, Видео, Похожие запросы, Картинки, GBP, Related searches",0.25,0.31
"tattoo preis münchen",5,30,I,"Рейтинги, Видео, Похожие запросы, Картинки, AI Overview, Related searches",0.47,0.47
"tattoo münchen walk-in",15,30,"L, C","Результаты карт, Рейтинги, Видео, Картинки, Искать здесь, Related searches",0.55,0.7
"münchen skyline tattoo",7,30,I,"Рейтинги, Похожие запросы",0,0
"südkurve münchen tattoo",9,30,I,"Рейтинги, Видео, Похожие запросы",0,0
"tattoo walk-in münchen",16,30,"L, C","Результаты карт, Рейтинги, Видео, Картинки, Искать здесь, Related searches",0.32,0.57
"tattoo walk in münchen",16,30,"L, C","Результаты карт, Рейтинги, Видео, Картинки, Искать здесь, Related searches",0.32,0.57
"tattoo piercing münchen",12,20,"L, C","Результаты карт, Рейтинги, Видео, Картинки, Искать здесь, Related searches",0,0.42
"bester tattoo künstler münchen",13,20,"L, C","Результаты карт, Рейтинги, Видео, Похожие запросы, Картинки, Искать здесь, Related searches",0.49,0.73
"medusa tattoo studio münchen",10,20,"L, N","Рейтинги, Ссылки сайта, Похожие запросы, Картинки, GBP, Related searches",0.43,0.14
"milan maya tattoo münchen",7,20,I,"Видео, Похожие запросы, Картинки, Related searches",0,0.25
"tattoos 1860 münchen",8,20,"L, N","Рейтинги, Ссылки сайта, Видео, Похожие запросы, Картинки, GBP, Related searches",0,0.01
"unlimited tattoo münchen",9,20,"L, C","Рейтинги, Похожие запросы, Картинки, GBP, Related searches",0,0.13
"picasso tattoo münchen",11,20,"L, C","Рейтинги, Видео, Похожие запросы, Картинки, GBP, Изображения",0,0.21
"orakel tattoo münchen",8,20,"L, N","Рейтинги, Ссылки сайта, Видео, Картинки, GBP",0,0.12
"tattoo münchen unlimited",9,20,"L, N","Рейтинги, Ссылки сайта, Похожие запросы, Картинки, GBP, Related searches",0,0.13
"fc bayern münchen tattoo motive",8,20,I,"AI Overview, Related searches",0,0
"fineline tattoo münchen preise",6,20,I,"Похожие запросы, Картинки, AI Overview, Related searches",0,0.38
"japanische tattoos münchen",7,20,"L, C","Результаты карт, Рейтинги, Искать здесь, Related searches",0.44,0.5
"tattoo equipment münchen",17,20,"L, C","Рейтинги, Картинки, GBP, Related searches, Изображения",0.52,0.81
"tattoo 1860 münchen",8,20,I,"Рейтинги, Видео, Картинки",0,0.01
"massiv tattoo münchen",11,20,"L, C","Рейтинги, Похожие запросы, Картинки, GBP",0,0.21
"tattoo arafat münchen",11,20,"L, C","Рейтинги, Похожие запросы, Картинки, GBP",0.52,0.17
"tattoo studio münchen walk-in",12,20,"L, C","Результаты карт, Рейтинги, Видео, Картинки, Искать здесь, Related searches",0.45,0.56
"black heart tattoo münchen",10,20,"L, N","Рейтинги, Ссылки сайта, Видео, Картинки, GBP",0.52,0.33
"temple tattoo münchen",16,20,"L, N","Результаты карт, Рейтинги, Ссылки сайта, Видео, Похожие запросы, Картинки, Искать здесь, Related searches",0.55,0.35
"massive tattoo münchen",10,20,"L, N","Рейтинги, Ссылки сайта, Похожие запросы, Картинки, GBP",0,0.21
"tattoo münchen pasing",14,20,"L, N","Результаты карт, Рейтинги, Ссылки сайта, Related searches, Сайты",0.66,0.49
"watercolor tattoo münchen",11,20,"L, C","Результаты карт, Рейтинги, Похожие запросы, Картинки, Related searches, Изображения",0,0.43
"tattoo studio münchen walk in",12,20,"L, C","Результаты карт, Рейтинги, Видео, Картинки, Искать здесь, Related searches",0.45,0.56
"münchen fineline tattoo",5,20,"L, C","Результаты карт, Рейтинги, Картинки, Related searches",0.85,0.61
"tattoo zubehör münchen",17,20,"L, C","Рейтинги, Видео, Похожие запросы, Картинки, GBP, Related searches",0.36,0.69
"augenbrauen tattoo münchen",24,20,"L, C","Результаты карт, Рейтинги, Похожие запросы, Картинки, Related searches",0.51,0.89
"blackheart tattoo münchen",9,20,"L, C","Рейтинги, Видео, Картинки, GBP, Изображения",0.52,0.33
"münchen tattoo spontan",11,20,"L, C","Результаты карт, Рейтинги, Видео, Похожие запросы, Картинки, Искать здесь, Related searches",0,0
"henna tattoos münchen",9,20,"L, C","Результаты карт, Рейтинги, Похожие запросы, Картинки, Related searches, Сайты",0,0.07
"tattoo handwerk münchen",11,20,"L, N","Рейтинги, Ссылки сайта, Картинки, GBP, Related searches",0.4,0.19
"arafat tattoo münchen",11,20,"L, C","Рейтинги, Похожие запросы, Картинки, GBP",0.52,0.17
"tattoo münchen günstig",18,20,"L, C","Результаты карт, Рейтинги, Видео, Картинки, Искать здесь, Related searches",0.47,0.73
"blackwork tattoo münchen",4,20,"L, C","Результаты карт, Рейтинги, Видео, Картинки, Related searches",0.43,0.56
"tattoo cover up münchen",6,20,"L, C","Результаты карт, Рейтинги, Похожие запросы, Картинки, Related searches",0.36,0.39
"tattoo studio münchen preise",9,20,"L, C","Результаты карт, Рейтинги, Видео, Похожие запросы, Картинки, Искать здесь, Related searches, Изображения",0,0.68
"münchen walk in tattoo",15,20,"L, C","Результаты карт, Рейтинги, Видео, Похожие запросы, Картинки, Искать здесь, Related searches",0.39,0.64
"dynamite tattoo studio münchen neufahrn bei freising",0,10,,,0,0
"lisa kroiss tattoo münchen",11,10,I,,0,0
"shortys tattoo münchen",8,10,"L, N","Рейтинги, Ссылки сайта, GBP, Related searches",0,0.04
"tattoo schwanthalerhöhe münchen",8,10,"L, C","Результаты карт, Рейтинги, Видео, Похожие запросы, Картинки, Искать здесь, Related searches, Изображения",0,0
"tiny tattoo münchen",6,10,"L, C","Результаты карт, Рейтинги, Видео, Похожие запросы, Картинки, Искать здесь, Related searches",0.32,0.6
"tattoo westend münchen",8,10,"L, C","Результаты карт, Рейтинги, Видео, Картинки, Искать здесь, Related searches",0,1
"kunststich tattoo münchen",0,10,,,0,0
"tattoo studio münchen empfehlung",0,10,,,0,0
"tattoo münchen implerstr",0,10,,,0,0
"tattoo münchen skyline",6,10,"L, C","Результаты карт, Рейтинги, Картинки, Изображения",0,0
"geometrische tattoos münchen",0,10,,,2.02,0
"schickeria münchen tattoo",0,10,,,0,0
"draw ink tattoo münchen",11,10,"L, C","Результаты карт, Картинки, Сайты",0,0
"tattoo convention münchen 2023",15,10,I,"Блоки с ответами, Картинки, AI Overview",0,0
"tattoo feldkirchen bei münchen",0,10,,,0,0
"mark lee tattoo münchen",0,10,,,0,0
"tattoo x münchen erfahrung",0,10,,,0,0
"tattoo organspende münchen",10,10,I,"Видео, Похожие запросы, Картинки, Related searches, Изображения",0,0
"tattoo theater münchen",9,10,I,"Рейтинги, Картинки",0,0
"cover up tattoo spezialist münchen",5,10,"L, C","Результаты карт, Рейтинги, Видео, Картинки, Искать здесь, Related searches",0,0
"julian tattoo münchen",7,10,I,"Рейтинги, Видео, Картинки",0,0
"die besten tattoo studios münchen",14,10,"L, C","Результаты карт, Рейтинги, Похожие запросы, Картинки, Искать здесь, Related searches",0,0.71
"anansi tattoo münchen",10,10,"L, N","Рейтинги, Ссылки сайта, Похожие запросы, GBP, Related searches",0,0.28
"tattoo lindwurmstraße münchen",8,10,"L, N","Результаты карт, Рейтинги, Ссылки сайта, Картинки, Related searches, Сайты",0,0.52
"sido tattoo studio münchen",10,10,"L, C","Результаты карт, Рейтинги, Картинки, AI Overview, Related searches, Сайты",0,0.33
"dotwork tattoo münchen",9,10,"L, C","Результаты карт, Рейтинги, Картинки, Related searches, Изображения",0,0
"aquarell tattoo münchen",8,10,"L, C","Результаты карт, Рейтинги, Видео, Похожие запросы, Картинки, Related searches",0.43,0.5
"mahala tattoo 80339 münchen",9,10,I,"Рейтинги, Похожие запросы, Картинки, AI Overview",0,0
"tattoo tempel münchen wartezeit",0,10,,,0,0
"tattoo generation münchen",0,10,,,0,0
"tattoo termin online münchen",13,10,"L, C","Результаты карт, Рейтинги, Картинки, Искать здесь, Related searches",0,0
"geometric tattoo münchen",5,10,"L, C","Результаты карт, Рейтинги, Картинки, Related searches, Изображения",0,0.17
"münchen tattoo studios",13,10,"L, C","Результаты карт, Рейтинги, Картинки, Related searches, Сайты",0.69,0.46
"tattoo studio münchen implerstraße",0,10,,,1.48,0
"aesthetic art tattoo münchen",9,10,"L, N","Рейтинги, Ссылки сайта, Видео, Похожие запросы, Картинки, GBP, Related searches",0,0
"horror tattoo münchen",8,10,"L, C","Результаты карт, Рейтинги, Видео, Картинки, Сеть знаний, Искать здесь, Related searches",0,0
"tattoo studio lindwurmstr münchen",0,10,,,0,0
"zeal tattoo münchen",0,10,,,0,0
"tattoo münchen marienplatz",0,10,,,0,0
"gyra tattoo studio münchen",13,10,"L, C","Рейтинги, Видео, Картинки, GBP",0,0
"tempel tattoo münchen termin",9,10,"L, C","Рейтинги, Картинки, GBP, Related searches",0,0.33
"tattoo medusa münchen",9,10,"L, N","Рейтинги, Ссылки сайта, Картинки, GBP, Related searches",0.48,0.1
"raphael schilling tattoo münchen",11,10,I,"Видео, Картинки, Изображения",0,0
"ink tattoo münchen",4,10,"L, C","Результаты карт, Рейтинги, Related searches, Изображения, Сайты",0,0.5
"fox tattoo münchen",7,10,I,"Рейтинги, Видео, Картинки",0,0
"munich ink tattoo münchen",0,10,,,0,0
"jagua tattoo münchen",0,10,,,0,0
"tattoo schellingstraße münchen",0,10,,,0.3,0
"scorpion tattoo münchen",0,10,,,0,0
"white ink tattoo münchen",0,10,,,0,0
"tattoo münchen medusa",0,10,,,0,0
"tattoo ärmel münchen",0,10,,,0,0
"tattoo überstechen münchen",0,10,,,0,0
"chaos crew tattoo münchen bewertung",10,10,"L, C","Рейтинги, Видео, Картинки, GBP, Related searches",0,0
"el mori tattoo münchen",0,10,,,0,0
"tattoo shops münchen",14,10,"L, T","Результаты карт, Рейтинги, Похожие запросы, Картинки, Related searches, Изображения, Сайты",0,0.62
"drawn.ink tattoo studio münchen",10,10,"L, C","Результаты карт, Рейтинги, Картинки, Изображения, Сайты",0,0.33
"weißes tattoo münchen",0,10,,,2.05,0
"tattoo müllerstraße münchen",0,10,,,1.71,0
"zerberus tattoo münchen",9,10,I,Картинки,0,0.07
"tattoo & piercing studio medusa münchen münchen",0,10,,,0,0
"feinstich tattoo münchen",10,10,"L, N","Рейтинги, Ссылки сайта, Похожие запросы, Картинки, GBP, Related searches",0,0.43
"tempel tattoos münchen",16,10,"L, N","Результаты карт, Рейтинги, Ссылки сайта, Похожие запросы, Related searches, Сайты",0,0
"dana tattoo münchen",9,10,I,"Рейтинги, Похожие запросы, AI Overview, Related searches",0,0
"diamond tattoo münchen",0,10,,,3.06,0
"avantgarde tattoo münchen",0,10,,,0,0
"tattoo studio münchen sido",0,10,,,0,0
"tattoo piercing tempel münchen",0,10,,,0,0
"polynesische tattoos münchen",0,10,,,2.15,0
"tattoo studios münchen",12,10,"L, C","Результаты карт, Рейтинги, Related searches, Сайты",0.69,0.46
"rainbow tattoo münchen dachauer str",0,10,,,0,0
"stichprobe tattoo münchen",9,10,"L, C","Рейтинги, Картинки, GBP",0,0.07
"tattoo aquarell münchen",10,10,I,"Рейтинги, Видео, Похожие запросы, Картинки, AI Overview, Related searches, Изображения",0.43,0.5
"ich und meine katze tattoo münchen",0,10,,,0,0
"tattoo münchen empfehlung",12,10,"L, C","Результаты карт, Рейтинги, Видео, Похожие запросы, Искать здесь, Related searches",0,0
"gyra tattoo münchen",10,10,"L, C","Рейтинги, Видео, Похожие запросы, Картинки, GBP",0,0.14
"herzstich tattoo münchen",6,10,I,"Рейтинги, Видео, Картинки, Related searches",0,0
"darkest gold tattoo münchen",0,10,,,0,0
"portrait tattoo münchen",12,10,"L, C","Результаты карт, Рейтинги, Видео, Похожие запросы, Картинки, Искать здесь, Related searches",0,0.71
"charly m. tattoo studio münchen",0,10,,,0,0
"tattoo entfernen lassen münchen",5,10,"L, C","Результаты карт, Рейтинги, Похожие запросы, Картинки, Искать здесь, Related searches",0,0.68
"chaos crew tattoo studio münchen münchen",0,10,,,0,0
"tattoo x münchen",9,10,"L, N","Рейтинги, Ссылки сайта, Похожие запросы, Картинки, GBP",0,0.25
"tattoo giesing münchen",9,10,"L, C","Результаты карт, Рейтинги, Картинки, Related searches, Сайты",0,0.64
"permanent make up tattoo münchen",0,10,,,0,0
"tattoo münchen hauptbahnhof",0,10,,,0,0
"lippen tattoo münchen",0,10,,,2.12,0
"chaos tattoo münchen",0,10,,,0,0
"sascha tattoo münchen",8,10,"L, C","Рейтинги, Видео, Картинки, GBP",0,0.28
"infinity tattoo münchen",0,10,,,0,0
"tattoo münchen sendling",0,10,,,0,0
"münchen beste tattoo studios",13,10,"L, C","Результаты карт, Рейтинги, Похожие запросы, Картинки, Related searches, Изображения, Сайты",0.79,0.8
"tattoo convention 2023 münchen",16,10,I,"Рейтинги, Похожие запросы, AI Overview, Related searches",0,0
"drawn ink tattoo studio münchen",10,10,"L, C","Результаты карт, Рейтинги, Картинки, Сайты",0,0.33
"obenrot tattoo münchen",7,10,I,"Похожие запросы, Картинки",0,0
"tempel tattoo münchen",14,10,"L, N","Рейтинги, Ссылки сайта, Видео, Похожие запросы, Картинки, GBP, Related searches",0.65,0.28
"tattoo art münchen",0,10,,,0,0
"tattoo münchen corpsepainter",0,10,,,0,0
"mahala tattoo münchen",10,10,I,"Рейтинги, Видео, Похожие запросы, Картинки",0,0.35
"airbrush tattoos münchen",5,10,"L, C","Результаты карт, Рейтинги, Видео, Картинки, Нижняя реклама, Искать здесь",0,0.24
"tattoo künstler münchen",10,10,"L, C","Результаты карт, Рейтинги, Картинки, Related searches, Сайты",0,0.13
"tattoo münchen laim",6,10,"L, C","Результаты карт, Рейтинги, Видео, Картинки, Искать здесь",0,0.59
"watercolour tattoo münchen",0,10,,,2.5,0
"tattoo ink münchen",9,10,"L, N","Результаты карт, Рейтинги, Ссылки сайта, Картинки, Related searches, Сайты",0.03,0.39
"temporary tattoo münchen",0,10,,,0.22,0
"now or never tattoo münchen",8,10,"L, N","Рейтинги, Ссылки сайта, Видео, Картинки, GBP",0,0.14
"3d tattoos münchen",16,10,"L, N","Результаты карт, Рейтинги, Ссылки сайта, Картинки, Related searches, Сайты",0,0.43
"tattoo und piercing messe münchen",14,10,I,"Рейтинги, Видео, Похожие запросы, Картинки, AI Overview, Related searches, Изображения",0,0
"sohnes tattoo münchen",0,10,,,0,0
"single needle tattoo münchen",0,10,,,2.01,0
"saschas tattoo münchen",8,10,"L, C","Рейтинги, Похожие запросы, Картинки, GBP",0,0.28
"mammut tattoo münchen",0,10,,,0,0
"drawn ink tattoo münchen",10,10,"L, C","Результаты карт, Искать здесь",0,0.43
"tattoo studio munich münchen",9,10,"L, C","Результаты карт, Рейтинги, Похожие запросы, Картинки, Related searches, Изображения, Сайты",0,0.86
"white gate tattoo münchen",8,10,"L, N","Рейтинги, Ссылки сайта, Видео, Похожие запросы, Картинки, GBP",0,0.64
"chaos crew tattoo studio münchen rezensionen",11,10,"L, C","Рейтинги, Похожие запросы, Картинки, GBP, Related searches",0,0.02
"hannelore sticht tattoo münchen",9,10,"I, N","Рейтинги, Похожие запросы, Картинки, Нарушение авторских прав, GBP, Related searches",0,0
"mandala tattoo münchen",5,10,I,"Картинки, Related searches, Изображения",0,0
"sohne tattoo studio münchen",9,10,"L, C","Рейтинги, Видео, Похожие запросы, Картинки, GBP, Изображения",0,0.14
"danuvue tattoo münchen",8,10,"L, N","Рейтинги, Ссылки сайта, Видео, Картинки, GBP",0,0.06
"melt tattoo münchen preise",8,10,I,"Картинки, AI Overview, Related searches",0,0
"tattoo studio münchen offen",19,10,"L, C","Результаты карт, Рейтинги, Похожие запросы, Картинки, Related searches, Изображения, Сайты",0,0
"brustwarzen tattoo münchen",9,10,I,"Похожие запросы, AI Overview",0,0.43
"tattoo studio münchen thalkirchen",0,10,,,0,0
"tattoo leopoldstr münchen",0,10,,,0,0
"mori tattoo münchen",0,10,,,0,0
"vintage 13 tattoo münchen",0,10,,,0,0
"tattoo container münchen",0,10,,,0,0
"tattoo studios münchen bewertung",6,10,I,"Рейтинги, Похожие запросы, Картинки, Related searches",0,0.43
"fine art tattoo münchen",8,10,"L, N","Результаты карт, Рейтинги, Ссылки сайта, Картинки, Related searches",0.49,0.77
"hola papaya tattoo münchen",0,10,,,0,0
"henna tattoo studio münchen",6,10,"L, C","Результаты карт, Рейтинги, Похожие запросы, Картинки, AI Overview, Сайты",0,0.14
"temporäre tattoos münchen",19,10,"L, C","Результаты карт, Рейтинги, Видео, Похожие запросы, Картинки, Искать здесь, Related searches",0.44,0.93
"tattoo sonne münchen",5,10,"L, C","Рейтинги, Картинки, GBP",0,0.14
"mike tattoo münchen",0,10,,,3.06,0
"tattoo studio münchen bewertung",6,10,I,"Похожие запросы, AI Overview, Related searches",0,0.43
"tattoo forum münchen",0,10,,,0,0
"tattoo models münchen",6,10,"L, C","Результаты карт, Рейтинги, Картинки, Related searches, Изображения",0,0.05
"munich.ink tattoo münchen",0,10,,,0,0
"blood diamonds tattoo münchen",10,10,I,"Рейтинги, Видео, Картинки",0,0
"melt tattoo studio münchen",0,10,,,0,0
"tattoo tempel münchen julia",0,10,,,0,0
"3d tattoo studio münchen",0,10,,,0,0
"36 ink tattoo münchen",8,10,"L, N","Рейтинги, Ссылки сайта, Видео, Похожие запросы, Картинки, GBP",0,0.21
"kleine tattoos münchen",5,10,"L, C","Результаты карт, Рейтинги, Видео, Картинки, Искать здесь, Related searches",0,0.56
"japan tattoo münchen",7,10,"L, C","Результаты карт, Рейтинги, Видео, Картинки, Искать здесь, Related searches",0,0.34
"ephemeral tattoo münchen",15,10,"L, C","Результаты карт, Рейтинги, Видео, Похожие запросы, Картинки, Искать здесь, Related searches",0,0.5
"scorpions tattoo münchen",7,10,"L, C","Рейтинги, Видео, Похожие запросы, Картинки, GBP",0,0.07
"aesthetic tattoo münchen",9,10,"L, N","Рейтинги, Ссылки сайта, Похожие запросы, Картинки, GBP, Related searches",0,0
"tattoo studio münchen giesing",13,10,"L, C","Результаты карт, Рейтинги, Похожие запросы, Картинки, Related searches, Изображения, Сайты",0,0.19
"münchen tattoo tempel",15,10,"L, N","Результаты карт, Рейтинги, Ссылки сайта, Видео, Похожие запросы, Картинки, Искать здесь, Related searches",0.65,0.28
"tattoo münchen dachauer str",0,10,,,0,0
"tattoo tempel münchen erfahrung",0,10,,,0,0
"chic tattoo münchen",9,10,"L, N","Рейтинги, Ссылки сайта, Видео, Похожие запросы, Картинки, GBP",0,0.31
"tattoo münchen bewertung",7,10,I,"Рейтинги, Похожие запросы, Related searches",0,0
"mighty weeny münchen tattoo",0,10,,,0,0
"aesthetic art tattoo piercing tattooentfernung münchen",0,10,,,0,0
"neo traditional tattoo münchen",6,10,"L, C","Результаты карт, Рейтинги, Картинки, Related searches",0,0.14
"bounty tattoo münchen",8,10,"L, C","Рейтинги, Похожие запросы, GBP",0,0
"horror tattoos münchen studio",0,10,,,0,0
"tempel tattoo studio münchen",0,10,,,0,0
"tattoo temple münchen",16,10,"L, N","Результаты карт, Рейтинги, Ссылки сайта, Картинки, Related searches, Сайты",0,0
"tattoo & piercing studio medusa münchen",10,10,"L, N","Рейтинги, Ссылки сайта, Похожие запросы, Картинки, GBP, Related searches",0.43,0.08
"airbrush tattoo münchen",5,10,"L, C","Результаты карт, Рейтинги, Похожие запросы, Картинки, Изображения, Сайты",0,0.24
"tattoo model münchen",7,10,I,"Картинки, AI Overview, Related searches, Изображения",0,0.05
"tattoo messe 2023 münchen",14,10,I,"Похожие запросы, Картинки, AI Overview, Related searches",0,0
"tattoo kosten münchen",0,10,,,1.41,0
"old school tattoo münchen",6,10,"L, C","Результаты карт, Рейтинги, Видео, Картинки, Искать здесь, Related searches",0,0
"tattoo convention münchen 2019",0,10,,,0,0
"tattoo tempel münchen bewertung",0,10,,,0,0
"tattoo schleißheimer str münchen",0,10,,,0.43,0
"tempel münchen piercing & tattoo münchen",16,10,"L, N","Результаты карт, Рейтинги, Ссылки сайта, Похожие запросы, Искать здесь, Related searches",0.52,0.06
"medusa tattoo münchen preise",0,10,,,0,0
"bio tattoo münchen",0,10,,,2.16,0
"farbstoff tattoo münchen",10,10,"L, N","Рейтинги, Ссылки сайта, Картинки, GBP",0,0
"prime ink tattoo münchen",9,10,"L, N","Рейтинги, Ссылки сайта, Картинки, GBP, Related searches",0.07,0.06
"nash tattoo münchen",0,10,,,0,0
"sony tattoo münchen",10,10,"L, C","Рейтинги, Видео, Картинки, GBP",0,0.14
"der kleine prinz tattoo münchen",9,10,"L, N","Рейтинги, Ссылки сайта, Видео, Похожие запросы, Картинки, GBP",0,0
"tattoo sohne schwanthalerhöhe münchen",10,10,"L, C","Рейтинги, Видео, Похожие запросы, Картинки, GBP",0,0
"antares piercing tattoo tattooentfernung münchen münchen",0,10,,,0,0
"branding tattoo münchen",0,10,,,0,0
"tonic tattoo münchen",8,10,"L, C","Рейтинги, Картинки, GBP",0,0
"volt folter tattoo münchen",9,10,I,"Рейтинги, Картинки",0,0
"polynesian tattoo münchen",8,10,I,"Рейтинги, Видео, Похожие запросы, Картинки, Related searches",0,0.79
"bester tattoo laden münchen",0,10,,,2.01,0
"airbrush tattoo studio münchen",0,10,,,0,0
"nerdymatch tattoo münchen",8,10,"L, C","Рейтинги, Видео, Картинки, GBP",0,0
"tattoo münchen tempel",14,10,"L, N","Результаты карт, Рейтинги, Ссылки сайта, Видео, Похожие запросы, Картинки, Искать здесь, Related searches",0.65,0.28
"vintage tattoo münchen",0,10,,,0,0
"tattoo münchen messe",0,10,,,0,0
"tattoo münchen schwabing",5,10,"L, C","Результаты карт, Рейтинги, Видео, Картинки, Искать здесь, Related searches",0.39,0.56
"tattoo lindwurmstr münchen",0,10,,,0,0
"tattoo rumfordstr münchen",0,10,,,0,0
"billiges tattoo studio münchen",0,10,,,0,0
"tattoo noir münchen preise",7,10,"L, N","Рейтинги, Ссылки сайта, Похожие запросы, Картинки, GBP, Related searches",0,0.56
"tattoo zubehör shop münchen",4,10,"L, T","Результаты карт, Рейтинги, Похожие запросы, Искать здесь, Related searches",0,0.61
"cleopatra tattoo münchen",8,10,"L, C","Рейтинги, Видео, Похожие запросы, Картинки, GBP",0,0.14
"tattoo und piercing studio münchen",0,10,,,2.98,0
"henna tattoo in münchen",11,10,"L, C","Результаты карт, Рейтинги, Картинки, Изображения, Сайты",0,0.14
"corpsepainter tattoo münchen",7,10,"L, C","Рейтинги, Видео, Похожие запросы, Картинки, GBP, Изображения",0,0
"die besten tattoo studios in münchen",0,10,,,0,0
"tattoo tempel münchen west",0,10,,,0,0
"tattoo messe münchen 2019",0,10,,,0,0
"tattoo münchen goetheplatz",0,10,,,0,0
"tattoo sohne ligsalzstr münchen",7,10,"L, C","Рейтинги, Картинки, GBP",0,0.07
"theater tattoo münchen",0,10,,,0,0
"tattoo conventions münchen",12,10,I,"Похожие запросы, Картинки, Related searches",0,0
"bamboo tattoo münchen",7,10,"L, C","Результаты карт, Рейтинги, Похожие запросы, Картинки, Related searches",0,0.38
"farbenpracht tattoo münchen",0,10,,,0,0
"julian siebert tattoo münchen",0,10,,,0,0
"subcutan tattoo münchen",8,10,"L, C","Рейтинги, Видео, Картинки, GBP",0,0
"tattoo münchen cover up",0,10,,,0,0
"tattoo messe münchen 2020",9,10,I,"Похожие запросы, AI Overview",0,0
"tattoo piercing medusa münchen preise",4,10,"L, C","Рейтинги, Похожие запросы, Картинки, GBP, Related searches, Изображения",0,0
"münchen tattoo studio",16,10,"L, C","Результаты карт, Рейтинги, Картинки, Related searches, Сайты",0.69,0.46
"sak yant tattoo münchen",0,10,,,0.33,0
"metatron tattoo münchen",0,10,,,0,0
"madhouse tattoo münchen",10,10,"L, C","Результаты карт, Рейтинги, Видео, Картинки, Искать здесь, Изображения",0,0
"tempel münchen tattoo",13,10,"L, N","Рейтинги, Ссылки сайта, Видео, Похожие запросы, Картинки, GBP, Related searches",0.65,0.28
"tattoo studio unlimited münchen",0,10,,,0,0
"tattoo studio münchen",8,10,"L, C","Результаты карт, Рейтинги, Картинки, Related searches, Сайты",0.69,0.46
"nightchild tattoo münchen",0,10,,,0,0
"dreieck tattoo münchen",8,10,"L, C","Рейтинги, Видео, Похожие запросы, Картинки, GBP",0,0
"handpoke tattoo münchen",6,10,"L, C","Рейтинги, Похожие запросы, Картинки, GBP, Related searches",0,0.34
"aquarell tattoos münchen",10,10,"L, C","Результаты карт, Рейтинги, Видео, Похожие запросы, Картинки, Искать здесь, Related searches",0.43,0.5
"organspende tattoo kostenlos münchen",9,10,I,"Похожие запросы, Картинки, Related searches",0,0.07
"avantgarde münchen tattoo",9,10,"L, N","Рейтинги, Ссылки сайта, Видео, Похожие запросы, Картинки, GBP, Related searches",0,0.22
"tattoo studio münchen pasing",15,10,"L, N","Результаты карт, Рейтинги, Ссылки сайта, Картинки, Related searches, Сайты",0.74,0.56
"mighty weeny tattoo münchen",0,10,,,0,0
"tattoo cafe münchen",0,10,,,0,0
"tattoo münchen anansi",0,10,,,0,0
"tattoo vibration münchen",8,10,"L, C","Рейтинги, Видео, Похожие запросы, Картинки, GBP, Related searches",0,0
"identity tattoo münchen",10,10,"L, C","Рейтинги, Видео, Картинки, GBP, Изображения",0,0
"minimalistische tattoos münchen",7,10,"L, C","Результаты карт, Рейтинги, Видео, Картинки, Искать здесь, Related searches",0,1
"robby tattoo münchen",8,10,"L, C","Рейтинги, Похожие запросы, GBP",0,0
"kleine welt tattoo münchen",10,10,"L, N","Рейтинги, Ссылки сайта, Видео, Похожие запросы, Картинки, GBP, Related searches",0,0.36
"tattoo studio münchen ohne termin",13,10,"L, C","Результаты карт, Рейтинги, Картинки, Related searches, Изображения, Сайты",0.23,0.88
"holz und tinte tattoo münchen",6,10,"L, C","Рейтинги, Картинки, GBP, Изображения",0,0
"temple münchen tattoo",15,10,"L, N","Результаты карт, Рейтинги, Ссылки сайта, Похожие запросы, Искать здесь, Related searches",0,0
"traitor's island tattoos münchen",9,10,"L, C","Рейтинги, Видео, Картинки, GBP, Изображения",0,0.03
"tattoo tempel münchen öffnungszeiten",0,10,,,0,0
"toniks tattoo münchen",9,10,"L, C","Рейтинги, Картинки, GBP",0,0.19
"hells angels tattoo studio münchen",0,10,,,0,0
"tattoo rosenheimer straße münchen",13,10,"L, N","Рейтинги, Ссылки сайта, Видео, Похожие запросы, Картинки, GBP, Related searches",0,0
"tonik tattoo münchen",10,10,"L, C","Рейтинги, Картинки, GBP, Изображения",0,0.14
"suite 447 tattoo studio münchen",10,10,"L, C","Рейтинги, Видео, Похожие запросы, Картинки, GBP, Изображения",0,0.28
"tattoo münchen arafat",0,10,,,0,0
"tattoo münchen schriftzug",2,10,"L, C","Результаты карт, Рейтинги, Похожие запросы, Картинки, Related searches, Изображения",0,0
"beste tattoo münchen",17,10,"L, C","Результаты карт, Рейтинги, Видео, Картинки, Искать здесь, Related searches, Сайты",0.78,0.89
"rainbow tattoo münchen",15,10,"L, N","Рейтинги, Ссылки сайта, Видео, Картинки, GBP",0,0.2
"surface tattoo studio münchen münchen",10,10,"L, N","Рейтинги, Ссылки сайта, Видео, Похожие запросы, Картинки, GBP, Related searches",0,0
"skywalker tattoo münchen",11,10,I,"Картинки, Изображения",0,0.33
"mammut tattoo münchen planegg",0,10,,,0,0
"tattoo messe münchen 2023",16,10,I,"Блоки с ответами, Картинки, AI Overview",0,0
"tattoo rosenheimer platz münchen",0,10,,,0,0
"tattoo münchen julian",0,10,,,0,0
"tattoo studio münchen schwabing",8,10,"L, N","Результаты карт, Рейтинги, Ссылки сайта, Related searches, Сайты",0,0.39
"tattoo al münchen",0,10,,,0,0
"tattoo und piercing convention münchen",0,10,,,0,0
"sketch tattoo münchen",0,10,,,0.46,0
"tattoo tempel münchen tibi",0,10,,,0,0
"tattoo laser entfernung münchen",4,10,I,"Рейтинги, Похожие запросы, Картинки, Сеть знаний, Related searches",1.11,0.71
"military tattoo münchen",0,10,,,0,0
"intim tattoo münchen",0,10,,,0,0
"tattoo tempel münchen preise",0,10,,,0,0
"trash polka tattoo münchen",0,10,,,1.76,0
"chic skin tattoo münchen",9,10,"L, N","Рейтинги, Ссылки сайта, Видео, Картинки, GBP",0,0
"tattoo flatrate münchen",0,10,,,0,0
"top tattoo studio münchen",12,10,"L, C","Результаты карт, Рейтинги, Похожие запросы, Картинки, Related searches, Изображения, Сайты",0.35,0.79
"tattoo studio sony münchen",0,10,,,0,0
"tattoo studio münchen feine linien",5,10,"L, C","Результаты карт, Рейтинги, Видео, Картинки, Искать здесь, Related searches",0,0
"tattoo convention münchen 2020",0,10,,,0,0
"human design tattoo münchen",8,10,"L, C","Рейтинги, Видео, Похожие запросы, Картинки, GBP, Related searches",0,0
"tattoo convention münchen 2024",16,10,I,"Похожие запросы, Related searches",0,0
"feine tattoos münchen",8,10,"L, C","Результаты карт, Рейтинги, Видео, Картинки, Искать здесь, Related searches",0,0.5
"trash tattoo münchen",0,10,,,0,0
"rusino tattoo münchen",0,10,,,0,0
"imaginarium tattoo münchen",11,10,"L, N","Рейтинги, Ссылки сайта, Видео, Похожие запросы, Картинки, GBP",0,0.21
"tattoo farben münchen",0,10,,,0,0
"tattoo münchen convention",0,10,,,0,0
"minimal tattoo münchen",6,10,"L, C","Результаты карт, Рейтинги, Видео, Картинки, Искать здесь, Related searches",0,0
"tattoo skyline münchen",6,10,I,"Рейтинги, Видео, Изображения",0,0
"andys tattoo studio münchen",10,10,"L, N","Рейтинги, Ссылки сайта, Видео, Похожие запросы, Картинки, GBP",0,0.04
"filigrane tattoos münchen",5,10,"L, C","Результаты карт, Рейтинги, Видео, Картинки, Искать здесь, Related searches",0,0.93
"tattoo gutschein münchen",6,10,"L, T","Результаты карт, Рейтинги, Похожие запросы, Картинки, Related searches",0.46,0.77
"tom's tattoo münchen",10,10,"L, N","Рейтинги, Ссылки сайта, Картинки, GBP, Related searches",0,0
"tattoo münchen lindwurmstraße",0,10,,,0,0
"yancoo tattoo münchen",11,10,"L, N","Рейтинги, Ссылки сайта, Видео, Похожие запросы, Картинки, GBP, Related searches",0,0.16
"tattoo münchen giesing",0,10,,,1.52,0
"dynamite tattoo münchen",0,10,,,0,0
"anime tattoo studio münchen",9,10,"L, C","Результаты карт, Рейтинги, Видео, Картинки, Related searches",0,0.56
"sullivan tattoo münchen",0,10,,,0,0
"in tattoo münchen",0,10,,,0,0
"uv tattoo münchen",4,10,"L, C","Результаты карт, Рейтинги, Видео, Похожие запросы, Картинки, Искать здесь, Related searches",0,0.36
"future tattoo equipment münchen",0,10,,,0,0
"heartmade tattoo münchen",6,10,"L, C","Рейтинги, Видео, Картинки, GBP, Related searches",0,0
"tattoo studio münchen laim",5,10,"L, C","Результаты карт, Рейтинги, Картинки, Сайты",0,0.86
"tattoo messe münchen 2016",7,10,I,"Рейтинги, Картинки, AI Overview",0,0
"bester tattoo münchen",11,10,"L, C","Результаты карт, Рейтинги, Похожие запросы, Картинки, Related searches, Сайты",0.78,0.89
"mato ink tattoo münchen",9,10,"L, C","Рейтинги, Видео, Похожие запросы, Картинки, GBP, Related searches, Изображения",0,0.28
"pablo tattoo münchen",11,10,I,"Рейтинги, Видео, Картинки, Изображения",0,0
"3d tattoo münchen",13,10,"L, C","Результаты карт, Рейтинги, Видео, Похожие запросы, Картинки, Искать здесь, Related searches",0,0.43
"blood diamond tattoo münchen",10,10,"L, C","Рейтинги, Картинки, GBP",0,0
"tattoo tempel münchen",15,10,"L, N","Результаты карт, Рейтинги, Ссылки сайта, Видео, Картинки, Related searches",0.65,0.28
"military tattoo 2023 münchen",11,10,I,"Похожие запросы, Картинки, AI Overview, Related searches",0,0
"spontan tattoo münchen",9,10,"L, C","Рейтинги, Похожие запросы, Картинки, GBP, Related searches",0.37,0.84
"ring tattoo münchen",0,10,,,0,0
"tattoo & piercing show münchen",0,10,,,0,0
"medusa tattoo münchen",8,10,"L, N","Рейтинги, Ссылки сайта, Картинки, GBP, Related searches",0.48,0.1
"wasserfarben tattoo münchen",0,10,,,0,0
"tattoo und piercing münchen",12,10,"L, C","Результаты карт, Рейтинги, Видео, Похожие запросы, Картинки, Искать здесь, Related searches, Изображения",0,0.33
"rudi tattoo münchen",6,10,"L, N","Рейтинги, Ссылки сайта, Видео, Похожие запросы, Картинки, GBP",0,0
"tattoo und piercing show münchen",0,10,,,0,0
"tattoo convention münchen tonhalle",0,10,,,0,0
"horror tattoos münchen",7,10,"L, C","Результаты карт, Рейтинги, Видео, Картинки, Сеть знаний, Искать здесь, Изображения",0,0
"tattoo from heaven münchen",10,10,"L, C","Блоки с ответами, Результаты карт, Рейтинги, Видео, Похожие запросы, Картинки, Искать здесь",0,0
"günstige tattoos münchen",14,10,"L, C","Результаты карт, Рейтинги, Видео, Похожие запросы, Картинки, Искать здесь",0.68,0.69
"tattoo schule münchen",0,10,,,0,0
"tattoo münchen schleißheimer straße",0,10,,,0,0
"tattoo studio medusa münchen",10,10,"L, N","Рейтинги, Ссылки сайта, Картинки, GBP, Related searches",0.48,0.1
"tibi tattoo münchen",9,10,I,"Видео, Картинки, Related searches",0,0.36
"tattoo supply münchen",22,10,"L, C","Рейтинги, Похожие запросы, Картинки, Нижняя реклама, GBP, Related searches",0.47,0.95
"groupon münchen tattoo",0,0,,,0,0
"tattoo veranstaltung münchen",0,0,,,0,0
"japanische tattoo münchen",0,0,,,0,0
"tattoo münchen kleine tattoos",0,0,,,0,0
"münchen tattoo convention heilbronn",0,0,,,0,0
"nail tattoos bayern münchen",0,0,,,0,0
"tattoo münchen wotanstraße",0,0,,,0,0
"tattoo studio münchen unter 18",0,0,,,0,0
"preise tattoos münchen",0,0,,,0,0
"identity tattoo studio münchen",0,0,,,0,0
"subkutan tattoo münchen",8,0,"L, C","Рейтинги, Похожие запросы, Картинки, GBP, Related searches",0,0
"tattoo lernen münchen",0,0,,,0,0
"henna tattoos in münchen",0,0,,,0,0
"jugendstil tattoo münchen",0,0,,,0,0
"tattoo studio münchen xxl",0,0,,,0,0
"tattoo geometrisch münchen",0,0,,,0,0
"tattoo ibbenbüren münchen",0,0,,,0,0
"tempel tattoo münchen facebook",0,0,,,0,0
"beste tattoos in münchen",0,0,,,0,0
"münchen tattoo convention collection",0,0,,,0,0
"tattoo studio münchen unlimited",0,0,,,0,0
"tattoo münchen sendlinger tor",0,0,,,0,0
"tattoo münchen farbenpracht",0,0,,,0,0
"tattoo münchen raul",0,0,,,0,0
"tattoo münchen clemensstraße",0,0,,,0,0
"biomechanical tattoo münchen",0,0,,,0,0
"tattoo studios münchen schwabing",0,0,,,0,0
"tattoo studio münchen hirschgartenallee",0,0,,,0,0
"münchen tattoo convention london",0,0,,,0,0
"tattoo humboldtstr münchen",0,0,,,0,0
"tattoo münchen ligsalzstr",0,0,,,0,0
"tattoo studio münchen westend",0,0,,,0,0
"tattoo passauerstraße. münchen",0,0,,,0,0
"tebori tattoo münchen",0,0,,,0,0
"tattoo münchen chaos crew",0,0,,,0,0
"tattoo münchen sohne",0,0,,,0,0
"günstige tattoo studios münchen",0,0,,,0,0
"promi tattoo studio münchen",0,0,,,0,0
"tattoo tempel münchen 5 tage",0,0,,,0,0
"tattoo operativ entfernen münchen",0,0,,,0,0
"tattoo messe 2014 münchen",0,0,,,0,0
"tattoo studio münchen gut",0,0,,,0,0
"tattoo münchen haidhausen",0,0,,,0,0
"tattoo studio münchen nord",0,0,,,0,0
"tempel münchen tattoo erfahrungen",0,0,,,0,0
"tattoo festival münchen",0,0,,,0,0
"tattoo tempel münchen xxl",0,0,,,0,0
"augenbrauen tattoo entfernen münchen",0,0,,,0,0
"tattoo studio münchen 4 tage",0,0,,,0,0
"tattoo old school münchen",0,0,,,0,0
"tattoo münchen gut",0,0,,,0,0
"münchen tattoo convention kiel",0,0,,,0,0
"bayern münchen tattoo bilder",0,0,,,0,0
"tattoo studios in münchen 2020",0,0,,,0,0
"henna tattoo farbe münchen",0,0,,,0,0
"tattoo & piercing show münchen 2015",0,0,,,0,0
"tattoo studio münchen gärtnerplatz",0,0,,,0,0
"tattoo münchen moosach",0,0,,,0,0
"hair tattoo münchen",0,0,,,0,0
"titus münchen tattoo",0,0,,,0,0
"tattoo münchen donnersbergerbrücke",0,0,,,0,0
"tattoo herzogstrasse münchen",0,0,,,0,0
"münchen tattoo ohne termin",0,0,,,0.53,0
"tattoo 81 münchen",0,0,,,0,0
"tattoo studio münchen allach",0,0,,,0,0
"tattoo anansi münchen bewertung",0,0,,,0,0
"tattoo studio rosenheimer platz münchen",0,0,,,0,0
"tattoo studio münchen west",0,0,,,0,0
"tattoo studio münchen harras",0,0,,,0,0
"bali tattoo münchen",0,0,,,0,0
"tattoo crew münchen",0,0,,,0,0
"medusa tattoo & piercing studio münchen",0,0,,,0,0
"tattoo studio münchen vegan",0,0,,,0,0
"tattoo münchen berg am laim",0,0,,,0,0
"tattoo münchen erfahrung",0,0,,,0,0
"tattoo münchen rumfordstr",0,0,,,0,0
"tattoo studios in münchen 4 buchstaben",0,0,,,0,0
"tattoo convention 2017 münchen",0,0,,,0,0
"tattoo studios in münchen zahlen",0,0,,,0,0
"tattoo studio münchen süd",0,0,,,0,0
"organspender tattoo münchen",0,0,,,0,0
"tattoo münchen trudering",0,0,,,0,0
"tattoo studios münchen giesing",0,0,,,0,0
"tattoo münchen instagram",0,0,,,0,0
"tattoo extreme münchen",0,0,,,0,0
"tattoo münchen sony",0,0,,,0,0
"liquid sky tattoo studio münchen",0,0,,,0,0
"gold tattoo münchen",0,0,,,0,0
"beste tattoos münchen",0,0,,,0,0
"tattoo in münchen kosten",0,0,,,0,0
"tattoo tempel münchen deutschland",0,0,,,0,0
"tattoo zubehör laden münchen",0,0,,,0,0
"tattoo studios in münchen 5 jahre",0,0,,,0,0
"tattoo studio münchen filigran",0,0,,,0,0
"tattoo modelle gesucht münchen",0,0,,,0,0
"tattoo dachauer straße münchen",0,0,,,0.63,0
"wanna dos tattoo münchen",0,0,,,0,0
"münchen tattoo convention ruhrgebiet",0,0,,,0,0
"tattoo münchen now or never",0,0,,,0,0
"asiatische tattoos münchen",0,0,,,0,0
"tattoo druck münchen",0,0,,,0,0
"military tattoo 2020 münchen",0,0,,,0,0
"rockabilly tattoo münchen",0,0,,,0,0
"tattoo münchen dotwork",0,0,,,0,0
"münchen tattoo sohne",0,0,,,0,0
"tattoo meitingen münchen",0,0,,,0,0
"tattoo studio münchen goetheplatz",0,0,,,0,0
"tattoo kapuzinerstr münchen",0,0,,,0,0
"tattoo münchen spontan",0,0,,,0,0
"tattoo toronto prices münchen",0,0,,,0,0
"tattoo studio münchen umgebung",0,0,,,0,0
"beste tattoo studios in münchen",0,0,,,0,0
"we tattoo u münchen",0,0,,,0,0
"tattoo rotkreuzplatz münchen",0,0,,,0,0
"münchen tattoo convention 2014",0,0,,,0,0
"tattoo münchen bogenhausen",0,0,,,0,0
"tattoo studio in münchen schwabing",0,0,,,0,0
"münchen tattoo convention xp",0,0,,,0,0
"tattoo münchen traitors island",0,0,,,0,0
"tattoo studio münchen vergleich",0,0,,,0,0
"münchen tattoo convention deutschland",0,0,,,0,0
"tattoo studio münchen 6 tage",0,0,,,0,0
"tattoo studio münchen einsteinstraße",0,0,,,0,0
"tattoo münchen rotkreuzplatz",0,0,,,0,0
"tattoo convention in münchen",0,0,,,0,0
"tattoo münchen 2015",0,0,,,0,0
"tattoo münchen pablo from heaven",0,0,,,0,0
"tattoo convention 2015 münchen",0,0,,,0,0
"tattoo studio alte heide münchen",0,0,,,0,0
"tattoo tempel münchen zoo",0,0,,,0,0
"schriftzug tattoo münchen",0,0,,,0,0
"tattoo münchen el mori",0,0,,,0,0
"extreme tattoo münchen",0,0,,,0,0
"tattoo studio münchen 5 tage",0,0,,,0,0
"floral tattoo münchen",0,0,,,0,0
"tattoo studio münchen spontan",0,0,,,0,0
"tattoo tempel münchen lisa",0,0,,,0,0
"tattoo vegan münchen",0,0,,,0,0
"tattoo studio münchen watercolor",0,0,,,0,0
"tattoo studio münchen haidhausen",0,0,,,0,0
"modelagentur münchen tattoo",0,0,,,0,0
"tattoo studio vibration münchen",0,0,,,0,0
"judith tattoo münchen",0,0,,,0,0
"mighty weeny custom tattoo münchen",0,0,,,0,0
"tattoo münchen vibration",0,0,,,0,0
"tattoo studio münchen riem",0,0,,,0,0
"tattoo münchen 3d",0,0,,,0,0
"schwarzes henna tattoo münchen",0,0,,,0,0
"tattoo automat münchen",0,0,,,0,0
"tattoo volt münchen",0,0,,,0,0
"medusa tattoo münchen erfahrung",0,0,,,0,0
"manga tattoo münchen",0,0,,,0,0
"tattoo galerie münchen",0,0,,,0,0
"tattoo messe münchen 2015 eintrittspreise",0,0,,,0,0
"buchstaben tattoo f münchen",0,0,,,0,0
"tattoo & piercing show münchen 2017",0,0,,,0,0
"tattoo tempel münchen 7 tage",0,0,,,0,0
"tattoo messe münchen olympiapark",0,0,,,0,0
"henna tattoo farbe in münchen kaufen",0,0,,,0,0
"flash tattoos münchen",0,0,,,0,0
"tattoo studio münchen schrift",0,0,,,0,0
"klebe tattoo münchen",0,0,,,0,0
"tattoo tempel münchen email",0,0,,,0,0
"tattoo münchen neuhausen",0,0,,,0,0
"tattoo studio münchen hohenzollernplatz",0,0,,,0,0
"münchen tattoo convention 51",0,0,,,0,0
"münchen tattoo convention youtube",0,0,,,0,0
"tattoo news yancoo münchen",0,0,,,0,0
"tattoo münchen häberlstraße",0,0,,,0,0
"schrank tattoo münchen",0,0,,,0,0
"tattoo tempel münchen kontakt",0,0,,,0,0
"tattoo tempel münchen restaurant",0,0,,,0,0
"tattoo kaugummiautomat münchen",0,0,,,0,0
"rudis tattoo studio münchen",0,0,,,0,0
"münchen silhouette tattoo",0,0,,,0,0
"tattoo tempel münchen nachrichten",0,0,,,0,0
"tattoo studio münchen realistic",0,0,,,0,0
"tattoo münchen herzstich",0,0,,,0,0
"tattoo münchen wartezeit",0,0,,,0,0
"tattoo münchen glockenbachviertel",0,0,,,0,0
"münchen tattoo convention live",0,0,,,0,0
"tattoo münchen preiswert",0,0,,,0,0
"tattoo studios in münchen quebec",0,0,,,0,0
"realistische tattoos münchen",0,0,,,0,0
"unlimited tattoo studio münchen",0,0,,,0,0
"tattoo bilder bayern münchen",0,0,,,0,0
"tattoo studio surface münchen",0,0,,,0,0
"tattoo unlimited münchen bewertung",0,0,,,0,0
"tempel münchen piercing und tattoo",0,0,,,0,0
"cutting tattoo münchen",0,0,,,0,0
"münchen pasing tattoo",0,0,,,0,0
"tattoo studio münchen erfahrung",0,0,,,0,0
"tattoo model werden münchen",0,0,,,0,0
"tattoo frauen münchen",0,0,,,0,0
"surface tattoo münchen erfahrung",0,0,,,0,0
"gratis tattoo münchen",0,0,,,0,0
"medizinische tattoos münchen",0,0,,,0,0
"tattoo studio münchen schwanthalerhöhe",0,0,,,0,0
"metatron tattoo beauty münchen",0,0,,,0,0
"tattoo studios münchen 94",0,0,,,0,0
"laser tattoo münchen",0,0,,,0,0
"tattoo tempel münchen gutschein",0,0,,,0,0
"junge helden tattoo münchen",0,0,,,0,0
"münchen tattoo convention wien",0,0,,,0,0
"tattoo münchen leopoldstr",0,0,,,0,0
"tattoo studio münchen praktikum",0,0,,,0,0
"tattoo studio münchen rumfordstr",0,0,,,0,0
"tattoo münchen lindwurmstr",0,0,,,0,0
"münchen schwabing tattoo",0,0,,,0,0
"münchen tattoo convention preis",0,0,,,0,0
"tattoo tempel münchen video",0,0,,,0,0
"dürfen tattoo studios wieder öffnen münchen",0,0,,,0,0
"tattoo convention innsbruck münchen",0,0,,,0,0
"tattoo münchen vegan",0,0,,,0,0
"tattoo und piercing show münchen 2014 eintritt",0,0,,,0,0
"mighty weeny tattoo münchen öffnungszeiten",0,0,,,0,0
"tattoo 818 münchen",0,0,,,0,0
"tattoo götheplatz münchen",0,0,,,0,0
"neumi tattoo münchen",0,0,,,0,0
"hand poke tattoo münchen",0,0,,,0,0
"sony tattoos münchen",0,0,,,0,0
"blumen tattoo münchen",0,0,,,0,0
"glitzer tattoo münchen",0,0,,,0,0
"tattoo 4 you münchen",0,0,,,0,0
"tattoo münchen poccistraße",0,0,,,0,0
"sketchy tattoo münchen",0,0,,,0,0
"samoan tattoo münchen",0,0,,,0,0
"tattoo studios münchen zoo",0,0,,,0,0
"bestes tattoo studio münchen 2013",0,0,,,0,0
"tattoo hessstr münchen",0,0,,,0,0
"komplize tattoo münchen",0,0,,,0,0
"linework tattoo münchen",0,0,,,0,0
"tattoo studio münchen glockenbachviertel",0,0,,,0,0
"zerberus tattoo studio münchen",0,0,,,0,0
"tattoo studio garching bei münchen",0,0,,,0,0
"narben cover up tattoo spezialist münchen",0,0,,,0,0
"tattoo messe münchen 2014 eintritt",0,0,,,0,0
"belgradstr münchen tattoo",0,0,,,0,0
"münchen tattoo convention münchen",0,0,,,0,0
"planet tattoo münchen",0,0,,,0,0
"rainbow münchen tattoo",0,0,,,0,0
"arafat tattoo münchen preise",0,0,,,0,0
"tattoo studio münchen perlach",0,0,,,0,0
"tattoo münchen realistisch",0,0,,,0,0
"tattoo münchen haar",0,0,,,0,0
"new school tattoo münchen",0,0,,,0,0
"tattoo studio münchen corona",0,0,,,0,0
"swarovski body tattoo münchen",0,0,,,0,0
"tattoo münchen tonik",0,0,,,0,0
"world best tattoo artists münchen",0,0,,,0,0
"tattoo studio münchen theresienwiese",0,0,,,0,0
"tattoo japan style münchen",0,0,,,0,0
"tattoo studio münchen donnersbergerbrücke",0,0,,,0,0
"gutschein tattoo münchen",0,0,,,0,0
"tattoo münchen erich kästner str",0,0,,,0,0
"beste tattoo laden in münchen",0,0,,,0,0
"tattoo orleansstraße. münchen",0,0,,,0,0
"tattoo münchen zerberus",0,0,,,0,0
"tattoo studio münchen ost",0,0,,,0,0
"stick and poke tattoo münchen",0,0,,,0,0
"tattoo maschine kaufen münchen",0,0,,,0,0
"tattoo münchen sofort termin",0,0,,,0,0
"mighty weeny tattoo münchen preise",0,0,,,0,0
"münchen tattoo convention 04",0,0,,,0,0
"tattoo tempel münchen heute",0,0,,,0,0
"tattoo vorlagen bayern münchen",0,0,,,0,0
"flagge tattoo münchen",0,0,,,0,0
"smile tattoo münchen",0,0,,,0,0
"surface tattoos münchen",0,0,,,0,0
"japanisch tattoo münchen",0,0,,,0,0
"polynesische tattoo münchen",0,0,,,0,0
"tattoo heßstraße münchen",0,0,,,0,0
"tattoo messe münchen 2012 bilder",0,0,,,0,0
"tattoo models gesucht münchen",0,0,,,0,0
"yancoo tattoo studio münchen",0,0,,,0,0
"tattoo studios in münchen 2019",0,0,,,0,0
"house of pain münchen tattoo",0,0,,,0,0
"tattoo studio münchen nymphenburg",0,0,,,0,0
"metallic tattoos münchen",0,0,,,0,0
"unlimited tattoo piercing münchen",0,0,,,0,0
"tattoo erzgießereistraße münchen",0,0,,,0,0
"tattoo studios münchen 4 tage",0,0,,,0,0
"tattoo münchen fürstenrieder",0,0,,,0,0
"lindwurmstraße münchen tattoo",0,0,,,0,0
"tattoo münchen metatron",0,0,,,0,0
"tattoo imitat münchen",0,0,,,0,0
"tattoo piercing münchen kultfabrik",0,0,,,0,0
"samoa tattoo münchen",0,0,,,0,0
"tattoo münchen nymphenburg",0,0,,,0,0
"tattoo studios in münchen qatar",0,0,,,0,0
"tattoo model agentur münchen",0,0,,,0,0
"white ink tattoos münchen",0,0,,,0,0
"zone tattoo münchen",0,0,,,0,0
"münchen tattoo convention quest",0,0,,,0,0
"tattoo job münchen",0,0,,,0,0
"tattoo studio noir münchen",0,0,,,0,0
"tattoo studios in münchen 2021",0,0,,,0,0
"tattoo eimsbüttel münchen",0,0,,,0,0
"tattoo studio suhl münchen",0,0,,,0,0
"miriam münchen tattoo",0,0,,,0,0
"feine linien tattoo münchen",0,0,,,0,0
"münchen tattoo convention jobs",0,0,,,0,0
"tattoo linie münchen",0,0,,,0,0
"münchen giesing tattoo",0,0,,,0,0
"tattoo münchen laubach",0,0,,,0,0
"arabische tattoos münchen",0,0,,,0,0
"tattoo maria münchen",0,0,,,0,0
"dali tattoo münchen",0,0,,,0,0
"tattoo schönhauser allee münchen",0,0,,,0,0
"tattoo feilitzschstraße münchen",0,0,,,0,0
"tempel tattoo münchen öffnungszeiten",0,0,,,0.48,0
"tattoo herning münchen",0,0,,,0,0
"loco ink tattoo münchen",0,0,,,0,0
"tibi münchen tattoo",0,0,,,0,0
"tattoo studios in münchen japan",0,0,,,0,0
"tattoo münchen neuperlach",0,0,,,0,0
"tattoo in münchen pasing",0,0,,,0,0
"tattoo studios münchen xxl",0,0,,,0,0
"tattoo aufkleber münchen",0,0,,,0,0
"tattoo studio münchen neuperlach",0,0,,,0,0
"3d augenbrauen tattoo münchen",0,0,,,0,0
"tattoo münchen wild at heart",0,0,,,0,0
"tattoo tempel münchen mate",0,0,,,0,0
"tattoo und piercing convention münchen 2014",0,0,,,0,0
"tattoo studio münchen sendlinger tor",0,0,,,0,0
"tattoo münchen facebook",0,0,,,0,0
"tomekk tattoo münchen",0,0,,,0,0
"tattoo münchen 16",0,0,,,0,0
"tattoo studios in münchen young",0,0,,,0,0
"tattoo münchen schwanthalerhöhe",0,0,,,0,0
"tattoo trappentreustr münchen",0,0,,,0,0
"tattoo studios münchen 8 tage",0,0,,,0,0
"wasi tattoo münchen",0,0,,,0,0
"tattoo studio münchen test",0,0,,,0,0
"tattoo convention münchen 2014",0,0,,,0,0
"auto tattoo münchen",0,0,,,0,0
"tattoo tempel münchen tibio",0,0,,,0,0
"münchen tattoo convention juli",0,0,,,0,0
"tattoo & piercing show münchen 2014",0,0,,,0,0
"weiße tattoos münchen",0,0,,,0.63,0
"tattoo kolumbusplatz münchen",0,0,,,0,0
"andy tattoo münchen",0,0,,,0,0
"tattoo studio corpsepainter tattoo münchen",0,0,,,0,0
"tattoo tempel münchen attila",0,0,,,0,0
"tattoo studios in münchen jobs",0,0,,,0,0
"tattoo münchen realistic",0,0,,,0,0
"tattoo studio münchen hauptbahnhof",0,0,,,0,0
"tattoo kreuzstrasse münchen",0,0,,,0,0
"tattoo scout münchen",0,0,,,0,0
"hells angels münchen tattoo",0,0,,,0,0
"ältestes tattoo studio münchen",0,0,,,0,0
"marco manzo tattoo münchen",0,0,,,0,0
"münchen tattoo convention collective",0,0,,,0,0
"basel tattoo fernsehen münchen",0,0,,,0,0
"tattoo dudelsack münchen",0,0,,,0,0
"tattoo studio münchen trudering",0,0,,,0,0
"tattoo studio münchen brudermühlstr",0,0,,,0,0
"tattoo münchen online termin",0,0,,,0,0
"unlimited tattoo münchen facebook",0,0,,,0,0
"uv tattoo studio münchen",0,0,,,0,0
"tattoos studio münchen",0,0,,,0,0
"tattoo münchen portrait",0,0,,,0,0
"tattoo extrem münchen",0,0,,,0,0
"tattoo convention oberhausen münchen",0,0,,,0,0
"tattoo diamond ink münchen",0,0,,,0,0
"tattoo piercing studio münchen",0,0,,,0,0
"tattoo convention 2014 münchen",0,0,,,0,0
"flüge münchen basel tattoo",0,0,,,0,0
"rihanna münchen tattoo",0,0,,,0,0
"tattoo tempel münchen 14 tage",0,0,,,0,0
"tattoo münchen stachus",0,0,,,0,0
"ich und meine katze tattoo studio münchen",0,0,,,0,0
"tattoo studios in münchen zug",0,0,,,0,0
"motorrad tattoo messe münchen",0,0,,,0,0
"skywalker tattoo münchen erfahrungen",0,0,,,0.36,0
"tattoo münchen ink",0,0,,,0,0
"tattoo nienburg münchen",0,0,,,0,0
"tattoo münchen peppo",0,0,,,0,0
"wie viel kostet ein tattoo in münchen",0,0,,,0,0
"hubi tattoo münchen",0,0,,,0,0
"agnes bernauer straße münchen tattoo",0,0,,,0,0
"tattoo marktstr münchen",0,0,,,0,0
"tattoo farbe kaufen münchen",0,0,,,0,0
"fineline tattoo schulung münchen",0,0,,,0,0
"39 tattoo münchen",0,0,,,0,0
"tattoo piercing show münchen 2013",0,0,,,0,0
"tattoo studio münchen berg am laim",0,0,,,0,0
"tattoo messe münchen 2015 eintritt",0,0,,,0,0
"tattoo cloppenburg münchen",0,0,,,0,0
"tattoo rosenheimer str münchen",0,0,,,0,0
"good vibrations tattoo münchen 2014",0,0,,,0,0
"tattoo studios wann wieder offen münchen",0,0,,,0,0
"tattoo johanneskirchen münchen",0,0,,,0,0
"tattoo sünden münchen",0,0,,,0,0
"beste tattoo künstler münchen",0,0,,,0,0
"tattoo studio aquarell münchen",0,0,,,0,0
"tattoo karlstraße münchen",0,0,,,0,0
"tattoo unterarm frau blumen münchen",0,0,,,0,0
"sofort tattoo münchen",0,0,,,0,0
"tattoo piercing messe münchen 2014",0,0,,,0,0
"bestes tattoo studio in münchen",0,0,,,0,0
"japanese tattoo münchen",0,0,,,0,0
"tattoo studios münchen 6 tage",0,0,,,0,0
"tattoo studio münchen filigrane tattoos",0,0,,,0,0
"tattoo münchen 5 tage",0,0,,,0,0
"welches tattoo studio in münchen",0,0,,,0,0
"tattoo münchen qype",0,0,,,0,0
"tattoo münchen hof",0,0,,,0,0
"tattoo münchen perlach",0,0,,,0,0
"surface tattoo münchen preise",0,0,,,0,0
"tattoo studio münchen cover up",0,0,,,0,0
"tattoo münchen erfahrungsbericht",0,0,,,0,0
"münchen nach basel tattoo",0,0,,,0,0
"tattoo münchen yancoo",0,0,,,0,0
"tattoo narben münchen",0,0,,,0,0
"tattoo studios münchen test",0,0,,,0,0
"münchen tattoo convention reutlingen",0,0,,,0,0
"tattoo damir münchen",0,0,,,0,0
"black art tattoo münchen",0,0,,,0,0
"tattoo fotoshooting münchen",0,0,,,0,0
"tattoo praktikum münchen",0,0,,,0,0
"tattoo studio münchen neuhausen",0,0,,,0,0
"tattoo stifte münchen",0,0,,,0,0
"tattoo ärmel kaufen münchen",0,0,,,0,0
"surface münchen tattoo",0,0,,,0,0
"aka tattoo berlin münchen",0,0,,,0,0
"pasing tattoo münchen",0,0,,,0,0
"medusa piercing tattoo münchen",0,0,,,0,0
"corpsepaint tattoo münchen",0,0,,,0,0
"tattoo tempel münchen facebook",0,0,,,0,0
"tattoo zeichner münchen",0,0,,,0,0
"tattoo tempel münchen youtube",0,0,,,0,0
"tattoo lasern münchen kosten",0,0,,,0,0
"tattoo studio münchen rosenheimer platz",0,0,,,0,0
"wanna-do tattoo münchen",0,0,,,0,0
"cover up tattoos münchen",0,0,,,0,0
"münchen tattoo unlimited",0,0,,,0,0
"tattoo studio münchen freimann",0,0,,,0,0
"39 vibration tattoo piercingstudio münchen",0,0,,,0,0
"tattoo münchen miriam",0,0,,,0,0
"tattoo tempel münchen puchheim",0,0,,,0,0
"tattoo münchen aquarell",0,0,,,0,0
"tattoo trappentreustraße münchen",0,0,,,0,0
"polka trash tattoo münchen",0,0,,,0,0
"ifl tattoo münchen",0,0,,,0,0
"tattoo münchen sandstrasse",0,0,,,0,0
"ag münchen tattoo",0,0,,,0,0
"nächste tattoo convention münchen",0,0,,,0,0
"münchen tattoo convention 66",0,0,,,0,0
"medusa tattoo studio & piercing studio münchen",0,0,,,0,0
"mark lee münchen tattoo",0,0,,,0,0
"tattoo expo münchen",0,0,,,0,0
"rainbow tattoo studio münchen",0,0,,,0,0
"mona tattoo münchen",0,0,,,0,0
"tapeten tattoos fc bayern münchen",0,0,,,0,0
"piercing und tattoo messe münchen",0,0,,,0,0
"tattoo münchen tibi",0,0,,,0,0
"tattoo studio münchen medusa",0,0,,,0,0
"wasserfarben tattoos münchen",0,0,,,0,0
"tattoo studio münchen innenstadt",0,0,,,0.52,0
"nicolas cage tattoo münchen",0,0,,,0,0
"tattoo münchen umgebung",0,0,,,0,0
"tattoo studios in münchen 90",0,0,,,0,0
"tattoo münchen riem",0,0,,,0,0
"tattoo studio münchen geöffnet",0,0,,,0,0
"mac münchen tattoo",0,0,,,0,0
"tattoo studio melt münchen",0,0,,,0,0
"tattoo weiß münchen",0,0,,,0,0
"tattoo & piercing zerberus münchen",0,0,,,0,0
"thai tattoo studio münchen",0,0,,,0,0
"tattoo messe passau münchen",0,0,,,0,0
"medusa tattoo münchen instagram",0,0,,,0,0
"rudis body tattoo münchen",0,0,,,1.42,0
"tattoo münchen nord",0,0,,,0,0
"koordinaten münchen tattoo",0,0,,,0,0
"tattoo studio münchen tal",0,0,,,0,0
"buena vista tattoo münchen",0,0,,,0,0
"münchen airbrush tattoo",0,0,,,0,0
"münchen tattoo convention uk",0,0,,,0,0
"tattoo studios in münchen 2018",0,0,,,0,0
"tattoo lehrgang münchen",0,0,,,0,0
"tattoo theater münchen erfahrungen",0,0,,,0.54,0
"tattoo studio münchen sendling",0,0,,,0,0
"tattoo münchen tonhalle",0,0,,,0,0
"tattoo münchen gasteig",0,0,,,0,0
"tattoo münchen harras",0,0,,,0,0
"heilbronn tattoo convention münchen",0,0,,,0,0
"tattoo tinte kaufen münchen",0,0,,,0,0
"sonne tattoo studio münchen",0,0,,,0,0
"grafische tattoos münchen",0,0,,,0,0
"tattoo münchen kurzfristig",0,0,,,0,0
"tattoo münchen billig",0,0,,,0,0
"comic tattoo münchen",0,0,,,0,0
"cubano ink tattoo münchen",0,0,,,0,0
"münchen tattoo convention 2016",0,0,,,0,0
"rainbow tattoo münchen bewertung",0,0,,,0,0
"tattoo convention münchen olympiahalle",0,0,,,0,0
"tätowierstudio tattoo sohne münchen",0,0,,,0,0
"tattoo münchen isartor",0,0,,,0,0
"tattoo belgradstr münchen",0,0,,,0,0
"tattoo münchen waldperlach",0,0,,,0,0
"tattoo studio münchen sohne",0,0,,,0,0
"tattoo münchen heßstraße",0,0,,,0,0
"tempel tattoo münchen west",0,0,,,0,0
"old school tattoo studio münchen",0,0,,,0,0
"tattoo gerät kaufen münchen",0,0,,,0,0
"tattoo nadeln kaufen münchen",0,0,,,0,0
"unlimited tattoo münchen erfahrungen",0,0,,,0,0
"tattoo münchen asia",0,0,,,0,0
"fc bayern münchen tattoo ärmel",0,0,,,0,0
"aloha tattoo karlsruhe münchen",0,0,,,0,0
"tattoo münchen kultfabrik",0,0,,,0,0
"tattoo tempel münchen venedig",0,0,,,0,0
"tattoo magazin münchen",0,0,,,0,0
"tattoo münchen schriften",0,0,,,0,0
"tattoo schriftzug münchen",0,0,,,0,0
"tattoo studio feldkirchen bei münchen",0,0,,,0,0
"tattoo auf raten münchen",0,0,,,0,0
"florale tattoos münchen",0,0,,,0,0
"tattoo backpiece münchen",0,0,,,0,0
"tattoo studio münchen ranking",0,0,,,0,0
"tattoo biomechanik münchen",0,0,,,0,0
"medusa tattoo münchen bewertung",0,0,,,0,0
"tattoo studio münchen haar",0,0,,,0,0
"tattoo münchen skywalker",0,0,,,0,0
"narben tattoo münchen",0,0,,,0,0
"tattoo tempel münchen zug",0,0,,,0,0
"tattoo in münchen preise",0,0,,,0,0
"sido tattoo münchen",0,0,,,0.46,0
"tattoo studio münchen theresienstraße",0,0,,,0,0
"fineline tattoo studio münchen",0,0,,,0,0
"tattoo studio göttingen münchen",0,0,,,0,0
"tattoo münchen kosten",0,0,,,0,0
"titus sohne tattoo münchen",0,0,,,0,0
"antares münchen tattoo",0,0,,,0,0
"tattoo studio münchen stachus",0,0,,,0,0
"tattoo studios in münchen 3d",0,0,,,0,0
"japanisches tattoo studio münchen",0,0,,,0,0
